data,Open,High,Low,Close,Adj Close,Volume,Dividends,Stock Splits,Repaired?,empresa_chave,empresa,ticker,setor
2023-01-02,13.40999984741211,13.40999984741211,12.479999542236328,12.729999542236328,11.500753402709961,624400,0.0,0.0,False,smartfit,SMARTFIT ESCOLA DE GINÁSTICA E DANÇA S.A.,SMFT3,Consumo Cíclico / Academias
2023-01-03,12.710000038146973,13.020000457763672,12.25,12.260000228881836,11.07613754272461,1311100,0.0,0.0,False,smartfit,SMARTFIT ESCOLA DE GINÁSTICA E DANÇA S.A.,SMFT3,Consumo Cíclico / Academias
2023-01-04,12.300000190734863,12.739999771118164,12.170000076293945,12.5,11.292963027954102,994200,0.0,0.0,False,smartfit,SMARTFIT ESCOLA DE GINÁSTICA E DANÇA S.A.,SMFT3,Consumo Cíclico / Academias
2023-01-05,12.4399995803833,12.8100004196167,12.3100004196167,12.5600004196167,11.34717082977295,1266300,0.0,0.0,False,smartfit,SMARTFIT ESCOLA DE GINÁSTICA E DANÇA S.A.,SMFT3,Consumo Cíclico / Academias
2023-01-06,12.4399995803833,12.949999809265137,12.350000381469727,12.770000457763672,11.536893844604492,1218500,0.0,0.0,False,smartfit,SMARTFIT ESCOLA DE GINÁSTICA E DANÇA S.A.,SMFT3,Consumo Cíclico / Academias
2023-01-09,12.649999618530273,13.25,12.109999656677246,13.069999694824219,11.807923316955566,980800,0.0,0.0,False,smartfit,SMARTFIT ESCOLA DE GINÁSTICA E DANÇA S.A.,SMFT3,Consumo Cíclico / Academias
2023-01-10,13.0,14.800000190734863,12.859999656677246,14.739999771118164,13.316661834716797,1405500,0.0,0.0,False,smartfit,SMARTFIT ESCOLA DE GINÁSTICA E DANÇA S.A.,SMFT3,Consumo Cíclico / Academias
2023-01-11,14.770000457763672,15.029999732971191,14.100000381469727,14.84000015258789,13.40700626373291,1350300,0.0,0.0,False,smartfit,SMARTFIT ESCOLA DE GINÁSTICA E DANÇA S.A.,SMFT3,Consumo Cíclico / Academias
2023-01-12,14.760000228881836,15.529999732971191,14.510000228881836,14.899999618530273,13.461212158203125,882000,0.0,0.0,False,smartfit,SMARTFIT ESCOLA DE GINÁSTICA E DANÇA S.A.,SMFT3,Consumo Cíclico / Academias
2023-01-13,14.6899995803833,15.140000343322754,14.220000267028809,14.890000343322754,13.452178955078125,926900,0.0,0.0,False,smartfit,SMARTFIT ESCOLA DE GINÁSTICA E DANÇA S.A.,SMFT3,Consumo Cíclico / Academias
2023-01-16,14.75,15.40999984741211,14.350000381469727,15.079999923706055,13.62382984161377,1408000,0.0,0.0,False,smartfit,SMARTFIT ESCOLA DE GINÁSTICA E DANÇA S.A.,SMFT3,Consumo Cíclico / Academias
2023-01-17,15.100000381469727,15.6899995803833,14.850000381469727,15.020000457763672,13.569623947143555,1541300,0.0,0.0,False,smartfit,SMARTFIT ESCOLA DE GINÁSTICA E DANÇA S.A.,SMFT3,Consumo Cíclico / Academias
2023-01-18,15.180000305175781,16.100000381469727,15.069999694824219,15.399999618530273,13.912931442260742,2138800,0.0,0.0,False,smartfit,SMARTFIT ESCOLA DE GINÁSTICA E DANÇA S.A.,SMFT3,Consumo Cíclico / Academias
2023-01-19,15.229999542236328,15.75,14.819999694824219,15.640000343322754,14.129756927490234,1015300,0.0,0.0,False,smartfit,SMARTFIT ESCOLA DE GINÁSTICA E DANÇA S.A.,SMFT3,Consumo Cíclico / Academias
2023-01-20,15.630000114440918,15.9399995803833,15.4399995803833,15.619999885559082,14.111687660217285,640600,0.0,0.0,False,smartfit,SMARTFIT ESCOLA DE GINÁSTICA E DANÇA S.A.,SMFT3,Consumo Cíclico / Academias
2023-01-23,15.630000114440918,16.18000030517578,14.84000015258789,15.0,13.551555633544922,1826200,0.0,0.0,False,smartfit,SMARTFIT ESCOLA DE GINÁSTICA E DANÇA S.A.,SMFT3,Consumo Cíclico / Academias
2023-01-24,15.029999732971191,15.369999885559082,15.0,15.100000381469727,13.641900062561035,424500,0.0,0.0,False,smartfit,SMARTFIT ESCOLA DE GINÁSTICA E DANÇA S.A.,SMFT3,Consumo Cíclico / Academias
2023-01-25,15.039999961853027,15.710000038146973,14.770000457763672,15.270000457763672,13.79548454284668,691800,0.0,0.0,False,smartfit,SMARTFIT ESCOLA DE GINÁSTICA E DANÇA S.A.,SMFT3,Consumo Cíclico / Academias
2023-01-26,15.319999694824219,15.640000343322754,15.0600004196167,15.489999771118164,13.994240760803223,458700,0.0,0.0,False,smartfit,SMARTFIT ESCOLA DE GINÁSTICA E DANÇA S.A.,SMFT3,Consumo Cíclico / Academias
2023-01-27,15.470000267028809,15.819999694824219,15.34000015258789,15.670000076293945,14.156858444213867,461800,0.0,0.0,False,smartfit,SMARTFIT ESCOLA DE GINÁSTICA E DANÇA S.A.,SMFT3,Consumo Cíclico / Academias
2023-01-30,15.760000228881836,16.030000686645508,15.569999694824219,15.6899995803833,14.174927711486816,618300,0.0,0.0,False,smartfit,SMARTFIT ESCOLA DE GINÁSTICA E DANÇA S.A.,SMFT3,Consumo Cíclico / Academias
2023-01-31,15.819999694824219,16.34000015258789,15.800000190734863,15.869999885559082,14.337545394897461,1215600,0.0,0.0,False,smartfit,SMARTFIT ESCOLA DE GINÁSTICA E DANÇA S.A.,SMFT3,Consumo Cíclico / Academias
2023-02-01,16.209999084472656,16.969999313354492,15.949999809265137,16.600000381469727,14.997056007385254,3023600,0.0,0.0,False,smartfit,SMARTFIT ESCOLA DE GINÁSTICA E DANÇA S.A.,SMFT3,Consumo Cíclico / Academias
2023-02-02,16.59000015258789,17.270000457763672,16.34000015258789,16.579999923706055,14.978984832763672,1682200,0.0,0.0,False,smartfit,SMARTFIT ESCOLA DE GINÁSTICA E DANÇA S.A.,SMFT3,Consumo Cíclico / Academias
2023-02-03,16.530000686645508,16.709999084472656,15.9399995803833,16.059999465942383,14.509197235107422,1143600,0.0,0.0,False,smartfit,SMARTFIT ESCOLA DE GINÁSTICA E DANÇA S.A.,SMFT3,Consumo Cíclico / Academias
2023-02-06,16.1200008392334,16.559999465942383,15.970000267028809,16.049999237060547,14.500163078308105,1038900,0.0,0.0,False,smartfit,SMARTFIT ESCOLA DE GINÁSTICA E DANÇA S.A.,SMFT3,Consumo Cíclico / Academias
2023-02-07,15.979999542236328,16.139999389648438,15.4399995803833,15.75,14.229134559631348,697700,0.0,0.0,False,smartfit,SMARTFIT ESCOLA DE GINÁSTICA E DANÇA S.A.,SMFT3,Consumo Cíclico / Academias
2023-02-08,15.869999885559082,16.149999618530273,15.680000305175781,16.110000610351562,14.55437183380127,994800,0.0,0.0,False,smartfit,SMARTFIT ESCOLA DE GINÁSTICA E DANÇA S.A.,SMFT3,Consumo Cíclico / Academias
2023-02-09,16.1200008392334,16.559999465942383,15.890000343322754,16.079999923706055,14.527267456054688,2204800,0.0,0.0,False,smartfit,SMARTFIT ESCOLA DE GINÁSTICA E DANÇA S.A.,SMFT3,Consumo Cíclico / Academias
2023-02-10,16.030000686645508,16.420000076293945,15.9399995803833,16.059999465942383,14.509197235107422,261100,0.0,0.0,False,smartfit,SMARTFIT ESCOLA DE GINÁSTICA E DANÇA S.A.,SMFT3,Consumo Cíclico / Academias
2023-02-13,16.030000686645508,16.270000457763672,15.710000038146973,15.869999885559082,14.337545394897461,716400,0.0,0.0,False,smartfit,SMARTFIT ESCOLA DE GINÁSTICA E DANÇA S.A.,SMFT3,Consumo Cíclico / Academias
2023-02-14,16.010000228881836,16.520000457763672,15.729999542236328,16.030000686645508,14.482096672058105,2596900,0.0,0.0,False,smartfit,SMARTFIT ESCOLA DE GINÁSTICA E DANÇA S.A.,SMFT3,Consumo Cíclico / Academias
2023-02-15,16.059999465942383,16.770000457763672,15.890000343322754,16.25,14.680852890014648,1495700,0.0,0.0,False,smartfit,SMARTFIT ESCOLA DE GINÁSTICA E DANÇA S.A.,SMFT3,Consumo Cíclico / Academias
2023-02-16,16.25,17.09000015258789,15.890000343322754,16.690000534057617,15.07836627960205,1795100,0.0,0.0,False,smartfit,SMARTFIT ESCOLA DE GINÁSTICA E DANÇA S.A.,SMFT3,Consumo Cíclico / Academias
2023-02-17,16.600000381469727,17.09000015258789,16.350000381469727,16.729999542236328,15.11449909210205,727900,0.0,0.0,False,smartfit,SMARTFIT ESCOLA DE GINÁSTICA E DANÇA S.A.,SMFT3,Consumo Cíclico / Academias
2023-02-22,16.6299991607666,16.690000534057617,15.869999885559082,16.200000762939453,14.63568115234375,1003700,0.0,0.0,False,smartfit,SMARTFIT ESCOLA DE GINÁSTICA E DANÇA S.A.,SMFT3,Consumo Cíclico / Academias
2023-02-23,16.25,16.520000457763672,15.949999809265137,16.1299991607666,14.57243824005127,498000,0.0,0.0,False,smartfit,SMARTFIT ESCOLA DE GINÁSTICA E DANÇA S.A.,SMFT3,Consumo Cíclico / Academias
2023-02-24,16.059999465942383,16.309999465942383,15.850000381469727,15.899999618530273,14.364648818969727,465000,0.0,0.0,False,smartfit,SMARTFIT ESCOLA DE GINÁSTICA E DANÇA S.A.,SMFT3,Consumo Cíclico / Academias
2023-02-27,15.829999923706055,16.299999237060547,15.569999694824219,15.989999771118164,14.445958137512207,988400,0.0,0.0,False,smartfit,SMARTFIT ESCOLA DE GINÁSTICA E DANÇA S.A.,SMFT3,Consumo Cíclico / Academias
2023-02-28,16.010000228881836,16.200000762939453,15.449999809265137,15.529999732971191,14.030376434326172,783300,0.0,0.0,False,smartfit,SMARTFIT ESCOLA DE GINÁSTICA E DANÇA S.A.,SMFT3,Consumo Cíclico / Academias
2023-03-01,15.699999809265137,15.699999809265137,14.520000457763672,14.880000114440918,13.443142890930176,3143500,0.0,0.0,False,smartfit,SMARTFIT ESCOLA DE GINÁSTICA E DANÇA S.A.,SMFT3,Consumo Cíclico / Academias
2023-03-02,14.90999984741211,15.199999809265137,14.699999809265137,14.880000114440918,13.443142890930176,990800,0.0,0.0,False,smartfit,SMARTFIT ESCOLA DE GINÁSTICA E DANÇA S.A.,SMFT3,Consumo Cíclico / Academias
2023-03-03,14.869999885559082,15.34000015258789,14.59000015258789,14.680000305175781,13.262454986572266,744900,0.0,0.0,False,smartfit,SMARTFIT ESCOLA DE GINÁSTICA E DANÇA S.A.,SMFT3,Consumo Cíclico / Academias
2023-03-06,14.729999542236328,15.470000267028809,14.6899995803833,15.050000190734863,13.59672737121582,1980000,0.0,0.0,False,smartfit,SMARTFIT ESCOLA DE GINÁSTICA E DANÇA S.A.,SMFT3,Consumo Cíclico / Academias
2023-03-07,15.15999984741211,15.15999984741211,14.699999809265137,14.920000076293945,13.479281425476074,923700,0.0,0.0,False,smartfit,SMARTFIT ESCOLA DE GINÁSTICA E DANÇA S.A.,SMFT3,Consumo Cíclico / Academias
2023-03-08,14.9399995803833,16.100000381469727,14.9399995803833,15.8100004196167,14.283340454101562,1998000,0.0,0.0,False,smartfit,SMARTFIT ESCOLA DE GINÁSTICA E DANÇA S.A.,SMFT3,Consumo Cíclico / Academias
2023-03-09,15.8100004196167,16.520000457763672,15.789999961853027,15.989999771118164,14.445958137512207,875300,0.0,0.0,False,smartfit,SMARTFIT ESCOLA DE GINÁSTICA E DANÇA S.A.,SMFT3,Consumo Cíclico / Academias
2023-03-10,15.930000305175781,15.930000305175781,15.380000114440918,15.5600004196167,14.057480812072754,921200,0.0,0.0,False,smartfit,SMARTFIT ESCOLA DE GINÁSTICA E DANÇA S.A.,SMFT3,Consumo Cíclico / Academias
2023-03-13,15.329999923706055,15.890000343322754,15.300000190734863,15.470000267028809,13.976171493530273,860400,0.0,0.0,False,smartfit,SMARTFIT ESCOLA DE GINÁSTICA E DANÇA S.A.,SMFT3,Consumo Cíclico / Academias
2023-03-14,15.5600004196167,15.65999984741211,14.989999771118164,15.100000381469727,13.641900062561035,780600,0.0,0.0,False,smartfit,SMARTFIT ESCOLA DE GINÁSTICA E DANÇA S.A.,SMFT3,Consumo Cíclico / Academias
2023-03-15,14.800000190734863,15.619999885559082,14.460000038146973,15.470000267028809,13.976171493530273,1390500,0.0,0.0,False,smartfit,SMARTFIT ESCOLA DE GINÁSTICA E DANÇA S.A.,SMFT3,Consumo Cíclico / Academias
2023-03-16,15.90999984741211,16.84000015258789,15.270000457763672,16.75,15.132569313049316,2184700,0.0,0.0,False,smartfit,SMARTFIT ESCOLA DE GINÁSTICA E DANÇA S.A.,SMFT3,Consumo Cíclico / Academias
2023-03-17,16.68000030517578,16.719999313354492,16.170000076293945,16.469999313354492,14.879606246948242,1689200,0.0,0.0,False,smartfit,SMARTFIT ESCOLA DE GINÁSTICA E DANÇA S.A.,SMFT3,Consumo Cíclico / Academias
2023-03-20,16.579999923706055,16.59000015258789,15.859999656677246,15.930000305175781,14.391752243041992,1493700,0.0,0.0,False,smartfit,SMARTFIT ESCOLA DE GINÁSTICA E DANÇA S.A.,SMFT3,Consumo Cíclico / Academias
2023-03-21,15.920000076293945,16.43000030517578,15.850000381469727,15.989999771118164,14.445958137512207,708000,0.0,0.0,False,smartfit,SMARTFIT ESCOLA DE GINÁSTICA E DANÇA S.A.,SMFT3,Consumo Cíclico / Academias
2023-03-22,15.989999771118164,16.1299991607666,15.010000228881836,15.239999771118164,13.76838207244873,3559600,0.0,0.0,False,smartfit,SMARTFIT ESCOLA DE GINÁSTICA E DANÇA S.A.,SMFT3,Consumo Cíclico / Academias
2023-03-23,15.300000190734863,15.5,13.220000267028809,13.8100004196167,12.476466178894043,23304800,0.0,0.0,False,smartfit,SMARTFIT ESCOLA DE GINÁSTICA E DANÇA S.A.,SMFT3,Consumo Cíclico / Academias
2023-03-24,13.75,13.989999771118164,13.369999885559082,13.430000305175781,12.133157730102539,2865800,0.0,0.0,False,smartfit,SMARTFIT ESCOLA DE GINÁSTICA E DANÇA S.A.,SMFT3,Consumo Cíclico / Academias
2023-03-27,13.5,13.5600004196167,13.100000381469727,13.399999618530273,12.106057167053223,1276000,0.0,0.0,False,smartfit,SMARTFIT ESCOLA DE GINÁSTICA E DANÇA S.A.,SMFT3,Consumo Cíclico / Academias
2023-03-28,13.319999694824219,13.729999542236328,13.130000114440918,13.609999656677246,12.295778274536133,1313100,0.0,0.0,False,smartfit,SMARTFIT ESCOLA DE GINÁSTICA E DANÇA S.A.,SMFT3,Consumo Cíclico / Academias
2023-03-29,13.989999771118164,13.989999771118164,13.010000228881836,13.300000190734863,12.01571273803711,1445500,0.0,0.0,False,smartfit,SMARTFIT ESCOLA DE GINÁSTICA E DANÇA S.A.,SMFT3,Consumo Cíclico / Academias
2023-03-30,13.90999984741211,14.020000457763672,13.489999771118164,13.649999618530273,12.331915855407715,3255600,0.0,0.0,False,smartfit,SMARTFIT ESCOLA DE GINÁSTICA E DANÇA S.A.,SMFT3,Consumo Cíclico / Academias
2023-03-31,13.640000343322754,13.880000114440918,13.25,13.34000015258789,12.051851272583008,1004600,0.0,0.0,False,smartfit,SMARTFIT ESCOLA DE GINÁSTICA E DANÇA S.A.,SMFT3,Consumo Cíclico / Academias
2023-04-03,13.520000457763672,13.520000457763672,12.949999809265137,13.180000305175781,11.907299995422363,1590000,0.0,0.0,False,smartfit,SMARTFIT ESCOLA DE GINÁSTICA E DANÇA S.A.,SMFT3,Consumo Cíclico / Academias
2023-04-04,13.119999885559082,13.789999961853027,13.039999961853027,13.75,12.422259330749512,1934100,0.0,0.0,False,smartfit,SMARTFIT ESCOLA DE GINÁSTICA E DANÇA S.A.,SMFT3,Consumo Cíclico / Academias
2023-04-05,13.579999923706055,13.819999694824219,13.420000076293945,13.75,12.422259330749512,1846200,0.0,0.0,False,smartfit,SMARTFIT ESCOLA DE GINÁSTICA E DANÇA S.A.,SMFT3,Consumo Cíclico / Academias
2023-04-06,13.729999542236328,13.949999809265137,13.359999656677246,13.520000457763672,12.214469909667969,3031800,0.0,0.0,False,smartfit,SMARTFIT ESCOLA DE GINÁSTICA E DANÇA S.A.,SMFT3,Consumo Cíclico / Academias
2023-04-10,13.399999618530273,13.460000038146973,13.170000076293945,13.170000076293945,11.89826488494873,1052900,0.0,0.0,False,smartfit,SMARTFIT ESCOLA DE GINÁSTICA E DANÇA S.A.,SMFT3,Consumo Cíclico / Academias
2023-04-11,13.390000343322754,14.529999732971191,13.390000343322754,14.079999923706055,12.720394134521484,3335100,0.0,0.0,False,smartfit,SMARTFIT ESCOLA DE GINÁSTICA E DANÇA S.A.,SMFT3,Consumo Cíclico / Academias
2023-04-12,14.270000457763672,14.779999732971191,14.079999923706055,14.270000457763672,12.892047882080078,2322400,0.0,0.0,False,smartfit,SMARTFIT ESCOLA DE GINÁSTICA E DANÇA S.A.,SMFT3,Consumo Cíclico / Academias
2023-04-13,14.239999771118164,15.0,13.989999771118164,14.720000267028809,13.298593521118164,1477400,0.0,0.0,False,smartfit,SMARTFIT ESCOLA DE GINÁSTICA E DANÇA S.A.,SMFT3,Consumo Cíclico / Academias
2023-04-14,14.600000381469727,15.039999961853027,14.3100004196167,14.65999984741211,13.24438762664795,2426700,0.0,0.0,False,smartfit,SMARTFIT ESCOLA DE GINÁSTICA E DANÇA S.A.,SMFT3,Consumo Cíclico / Academias
2023-04-17,14.640000343322754,14.949999809265137,14.460000038146973,14.680000305175781,13.262454986572266,706900,0.0,0.0,False,smartfit,SMARTFIT ESCOLA DE GINÁSTICA E DANÇA S.A.,SMFT3,Consumo Cíclico / Academias
2023-04-18,14.800000190734863,15.140000343322754,14.470000267028809,14.649999618530273,13.235353469848633,2217600,0.0,0.0,False,smartfit,SMARTFIT ESCOLA DE GINÁSTICA E DANÇA S.A.,SMFT3,Consumo Cíclico / Academias
2023-04-19,14.4399995803833,14.510000228881836,13.539999961853027,13.739999771118164,12.413225173950195,2561200,0.0,0.0,False,smartfit,SMARTFIT ESCOLA DE GINÁSTICA E DANÇA S.A.,SMFT3,Consumo Cíclico / Academias
2023-04-20,13.6899995803833,14.420000076293945,13.550000190734863,14.210000038146973,12.837841033935547,664900,0.0,0.0,False,smartfit,SMARTFIT ESCOLA DE GINÁSTICA E DANÇA S.A.,SMFT3,Consumo Cíclico / Academias
2023-04-24,13.8100004196167,14.600000381469727,13.8100004196167,14.460000038146973,13.063700675964355,1362100,0.0,0.0,False,smartfit,SMARTFIT ESCOLA DE GINÁSTICA E DANÇA S.A.,SMFT3,Consumo Cíclico / Academias
2023-04-25,14.3100004196167,14.510000228881836,14.069999694824219,14.199999809265137,12.828805923461914,913700,0.0,0.0,False,smartfit,SMARTFIT ESCOLA DE GINÁSTICA E DANÇA S.A.,SMFT3,Consumo Cíclico / Academias
2023-04-26,14.180000305175781,14.699999809265137,14.010000228881836,14.300000190734863,12.919150352478027,1719300,0.0,0.0,False,smartfit,SMARTFIT ESCOLA DE GINÁSTICA E DANÇA S.A.,SMFT3,Consumo Cíclico / Academias
2023-04-27,14.260000228881836,14.930000305175781,14.180000305175781,14.729999542236328,13.307629585266113,636200,0.0,0.0,False,smartfit,SMARTFIT ESCOLA DE GINÁSTICA E DANÇA S.A.,SMFT3,Consumo Cíclico / Academias
2023-04-28,14.819999694824219,15.449999809265137,14.649999618530273,15.25,13.777416229248047,2284400,0.0,0.0,False,smartfit,SMARTFIT ESCOLA DE GINÁSTICA E DANÇA S.A.,SMFT3,Consumo Cíclico / Academias
2023-05-02,15.369999885559082,15.75,15.109999656677246,15.529999732971191,14.030376434326172,2255400,0.0,0.0,False,smartfit,SMARTFIT ESCOLA DE GINÁSTICA E DANÇA S.A.,SMFT3,Consumo Cíclico / Academias
2023-05-03,15.479999542236328,15.899999618530273,15.229999542236328,15.850000381469727,14.319477081298828,1347100,0.0,0.0,False,smartfit,SMARTFIT ESCOLA DE GINÁSTICA E DANÇA S.A.,SMFT3,Consumo Cíclico / Academias
2023-05-04,15.850000381469727,16.209999084472656,15.65999984741211,15.84000015258789,14.310442924499512,4761000,0.0,0.0,False,smartfit,SMARTFIT ESCOLA DE GINÁSTICA E DANÇA S.A.,SMFT3,Consumo Cíclico / Academias
2023-05-05,16.0,16.56999969482422,15.770000457763672,16.200000762939453,14.63568115234375,2455800,0.0,0.0,False,smartfit,SMARTFIT ESCOLA DE GINÁSTICA E DANÇA S.A.,SMFT3,Consumo Cíclico / Academias
2023-05-08,16.360000610351562,16.6299991607666,15.569999694824219,15.609999656677246,14.102652549743652,1643300,0.0,0.0,False,smartfit,SMARTFIT ESCOLA DE GINÁSTICA E DANÇA S.A.,SMFT3,Consumo Cíclico / Academias
2023-05-09,15.5,16.010000228881836,15.279999732971191,15.729999542236328,14.211064338684082,3361600,0.0,0.0,False,smartfit,SMARTFIT ESCOLA DE GINÁSTICA E DANÇA S.A.,SMFT3,Consumo Cíclico / Academias
2023-05-10,15.630000114440918,16.100000381469727,15.520000457763672,15.850000381469727,14.319477081298828,1926800,0.0,0.0,False,smartfit,SMARTFIT ESCOLA DE GINÁSTICA E DANÇA S.A.,SMFT3,Consumo Cíclico / Academias
2023-05-11,16.0,16.709999084472656,15.640000343322754,16.649999618530273,15.04222583770752,7612800,0.0,0.0,False,smartfit,SMARTFIT ESCOLA DE GINÁSTICA E DANÇA S.A.,SMFT3,Consumo Cíclico / Academias
2023-05-12,16.8799991607666,17.139999389648438,16.450000762939453,16.700000762939453,15.087401390075684,2348900,0.0,0.0,False,smartfit,SMARTFIT ESCOLA DE GINÁSTICA E DANÇA S.A.,SMFT3,Consumo Cíclico / Academias
2023-05-15,16.719999313354492,17.479999542236328,16.6200008392334,17.290000915527344,15.620428085327148,2723900,0.0,0.0,False,smartfit,SMARTFIT ESCOLA DE GINÁSTICA E DANÇA S.A.,SMFT3,Consumo Cíclico / Academias
2023-05-16,17.399999618530273,17.510000228881836,16.700000762939453,16.739999771118164,15.123534202575684,6044700,0.0,0.0,False,smartfit,SMARTFIT ESCOLA DE GINÁSTICA E DANÇA S.A.,SMFT3,Consumo Cíclico / Academias
2023-05-17,16.90999984741211,17.139999389648438,16.670000076293945,17.079999923706055,15.43070125579834,3263000,0.0,0.0,False,smartfit,SMARTFIT ESCOLA DE GINÁSTICA E DANÇA S.A.,SMFT3,Consumo Cíclico / Academias
2023-05-18,17.0,17.450000762939453,16.8700008392334,17.309999465942383,15.638495445251465,2931600,0.0,0.0,False,smartfit,SMARTFIT ESCOLA DE GINÁSTICA E DANÇA S.A.,SMFT3,Consumo Cíclico / Academias
2023-05-19,17.399999618530273,17.709999084472656,16.459999084472656,16.770000457763672,15.150641441345215,5012300,0.0,0.0,False,smartfit,SMARTFIT ESCOLA DE GINÁSTICA E DANÇA S.A.,SMFT3,Consumo Cíclico / Academias
2023-05-22,16.850000381469727,16.969999313354492,16.309999465942383,16.530000686645508,14.933815002441406,4265200,0.0,0.0,False,smartfit,SMARTFIT ESCOLA DE GINÁSTICA E DANÇA S.A.,SMFT3,Consumo Cíclico / Academias
2023-05-23,16.350000381469727,17.049999237060547,16.229999542236328,16.6299991607666,15.02415657043457,2802800,0.0,0.0,False,smartfit,SMARTFIT ESCOLA DE GINÁSTICA E DANÇA S.A.,SMFT3,Consumo Cíclico / Academias
2023-05-24,16.700000762939453,17.010000228881836,16.290000915527344,16.8700008392334,15.240983963012695,8720300,0.0,0.0,False,smartfit,SMARTFIT ESCOLA DE GINÁSTICA E DANÇA S.A.,SMFT3,Consumo Cíclico / Academias
2023-05-25,17.229999542236328,18.3799991607666,16.989999771118164,17.950000762939453,16.216697692871094,6121100,0.0,0.0,False,smartfit,SMARTFIT ESCOLA DE GINÁSTICA E DANÇA S.A.,SMFT3,Consumo Cíclico / Academias
2023-05-26,18.25,18.799999237060547,17.510000228881836,18.360000610351562,16.587106704711914,5694700,0.0,0.0,False,smartfit,SMARTFIT ESCOLA DE GINÁSTICA E DANÇA S.A.,SMFT3,Consumo Cíclico / Academias
2023-05-29,18.530000686645508,18.6200008392334,17.81999969482422,18.420000076293945,16.64130973815918,4850100,0.0,0.0,False,smartfit,SMARTFIT ESCOLA DE GINÁSTICA E DANÇA S.A.,SMFT3,Consumo Cíclico / Academias
2023-05-30,18.43000030517578,18.5,17.639999389648438,17.959999084472656,16.22572898864746,8208900,0.0,0.0,False,smartfit,SMARTFIT ESCOLA DE GINÁSTICA E DANÇA S.A.,SMFT3,Consumo Cíclico / Academias
2023-05-31,17.790000915527344,19.059999465942383,17.56999969482422,19.049999237060547,17.21047592163086,7258700,0.0,0.0,False,smartfit,SMARTFIT ESCOLA DE GINÁSTICA E DANÇA S.A.,SMFT3,Consumo Cíclico / Academias
2023-06-01,19.25,19.850000381469727,18.829999923706055,19.56999969482422,17.680265426635742,5628500,0.0,0.0,False,smartfit,SMARTFIT ESCOLA DE GINÁSTICA E DANÇA S.A.,SMFT3,Consumo Cíclico / Academias
2023-06-02,19.899999618530273,20.079999923706055,18.75,18.899999618530273,17.07495880126953,6178600,0.0,0.0,False,smartfit,SMARTFIT ESCOLA DE GINÁSTICA E DANÇA S.A.,SMFT3,Consumo Cíclico / Academias
2023-06-05,19.030000686645508,19.139999389648438,18.549999237060547,18.959999084472656,17.129167556762695,2138100,0.0,0.0,False,smartfit,SMARTFIT ESCOLA DE GINÁSTICA E DANÇA S.A.,SMFT3,Consumo Cíclico / Academias
2023-06-06,19.1299991607666,19.799999237060547,19.030000686645508,19.360000610351562,17.490543365478516,2009700,0.0,0.0,False,smartfit,SMARTFIT ESCOLA DE GINÁSTICA E DANÇA S.A.,SMFT3,Consumo Cíclico / Academias
2023-06-07,19.690000534057617,20.770000457763672,19.600000381469727,20.5,18.52046012878418,7867000,0.0,0.0,False,smartfit,SMARTFIT ESCOLA DE GINÁSTICA E DANÇA S.A.,SMFT3,Consumo Cíclico / Academias
2023-06-09,20.5,21.100000381469727,20.440000534057617,20.739999771118164,18.737285614013672,3600100,0.0,0.0,False,smartfit,SMARTFIT ESCOLA DE GINÁSTICA E DANÇA S.A.,SMFT3,Consumo Cíclico / Academias
2023-06-12,20.719999313354492,21.049999237060547,20.559999465942383,20.850000381469727,18.8366641998291,1632600,0.0,0.0,False,smartfit,SMARTFIT ESCOLA DE GINÁSTICA E DANÇA S.A.,SMFT3,Consumo Cíclico / Academias
2023-06-13,20.899999618530273,21.040000915527344,20.110000610351562,20.290000915527344,18.330739974975586,2606500,0.0,0.0,False,smartfit,SMARTFIT ESCOLA DE GINÁSTICA E DANÇA S.A.,SMFT3,Consumo Cíclico / Academias
2023-06-14,20.469999313354492,20.90999984741211,20.25,20.760000228881836,18.75535011291504,2373000,0.0,0.0,False,smartfit,SMARTFIT ESCOLA DE GINÁSTICA E DANÇA S.A.,SMFT3,Consumo Cíclico / Academias
2023-06-15,20.770000457763672,21.200000762939453,20.469999313354492,20.90999984741211,18.890869140625,1309500,0.0,0.0,False,smartfit,SMARTFIT ESCOLA DE GINÁSTICA E DANÇA S.A.,SMFT3,Consumo Cíclico / Academias
2023-06-16,20.799999237060547,21.260000228881836,20.56999969482422,21.200000762939453,19.15286636352539,2468700,0.0,0.0,False,smartfit,SMARTFIT ESCOLA DE GINÁSTICA E DANÇA S.A.,SMFT3,Consumo Cíclico / Academias
2023-06-19,21.190000534057617,21.31999969482422,20.90999984741211,20.950000762939453,18.9270076751709,1789800,0.0,0.0,False,smartfit,SMARTFIT ESCOLA DE GINÁSTICA E DANÇA S.A.,SMFT3,Consumo Cíclico / Academias
2023-06-20,20.829999923706055,21.209999084472656,20.6299991607666,21.030000686645508,18.999282836914062,3073700,0.0,0.0,False,smartfit,SMARTFIT ESCOLA DE GINÁSTICA E DANÇA S.A.,SMFT3,Consumo Cíclico / Academias
2023-06-21,20.81999969482422,21.040000915527344,19.780000686645508,20.610000610351562,18.61983871459961,9136200,0.0,0.0,False,smartfit,SMARTFIT ESCOLA DE GINÁSTICA E DANÇA S.A.,SMFT3,Consumo Cíclico / Academias
2023-06-22,20.459999084472656,20.6200008392334,19.6299991607666,20.549999237060547,18.565631866455078,2233700,0.0,0.0,False,smartfit,SMARTFIT ESCOLA DE GINÁSTICA E DANÇA S.A.,SMFT3,Consumo Cíclico / Academias
2023-06-23,20.549999237060547,21.170000076293945,20.34000015258789,21.040000915527344,19.008317947387695,3249600,0.0,0.0,False,smartfit,SMARTFIT ESCOLA DE GINÁSTICA E DANÇA S.A.,SMFT3,Consumo Cíclico / Academias
2023-06-26,21.100000381469727,21.1299991607666,20.15999984741211,20.360000610351562,18.39398193359375,1741000,0.0,0.0,False,smartfit,SMARTFIT ESCOLA DE GINÁSTICA E DANÇA S.A.,SMFT3,Consumo Cíclico / Academias
2023-06-27,20.549999237060547,20.75,19.280000686645508,20.0,18.06873893737793,2497700,0.0,0.0,False,smartfit,SMARTFIT ESCOLA DE GINÁSTICA E DANÇA S.A.,SMFT3,Consumo Cíclico / Academias
2023-06-28,19.8700008392334,20.360000610351562,19.68000030517578,19.979999542236328,18.05067253112793,759500,0.0,0.0,False,smartfit,SMARTFIT ESCOLA DE GINÁSTICA E DANÇA S.A.,SMFT3,Consumo Cíclico / Academias
2023-06-29,20.100000381469727,20.969999313354492,19.8799991607666,20.829999923706055,18.818592071533203,1400800,0.0,0.0,False,smartfit,SMARTFIT ESCOLA DE GINÁSTICA E DANÇA S.A.,SMFT3,Consumo Cíclico / Academias
2023-06-30,20.979999542236328,21.829999923706055,20.829999923706055,21.5,19.42389488220215,3298100,0.0,0.0,False,smartfit,SMARTFIT ESCOLA DE GINÁSTICA E DANÇA S.A.,SMFT3,Consumo Cíclico / Academias
2023-07-03,21.190000534057617,22.100000381469727,20.959999084472656,21.81999969482422,19.712993621826172,2396200,0.0,0.0,False,smartfit,SMARTFIT ESCOLA DE GINÁSTICA E DANÇA S.A.,SMFT3,Consumo Cíclico / Academias
2023-07-04,21.809999465942383,22.31999969482422,21.639999389648438,21.790000915527344,19.685895919799805,1853100,0.0,0.0,False,smartfit,SMARTFIT ESCOLA DE GINÁSTICA E DANÇA S.A.,SMFT3,Consumo Cíclico / Academias
2023-07-05,21.799999237060547,22.31999969482422,21.5,22.020000457763672,19.893686294555664,1051100,0.0,0.0,False,smartfit,SMARTFIT ESCOLA DE GINÁSTICA E DANÇA S.A.,SMFT3,Consumo Cíclico / Academias
2023-07-06,21.739999771118164,22.079999923706055,21.459999084472656,21.649999618530273,19.559410095214844,1695700,0.0,0.0,False,smartfit,SMARTFIT ESCOLA DE GINÁSTICA E DANÇA S.A.,SMFT3,Consumo Cíclico / Academias
2023-07-07,21.690000534057617,22.75,21.690000534057617,22.399999618530273,20.236988067626953,2270800,0.0,0.0,False,smartfit,SMARTFIT ESCOLA DE GINÁSTICA E DANÇA S.A.,SMFT3,Consumo Cíclico / Academias
2023-07-10,22.399999618530273,22.549999237060547,21.780000686645508,21.950000762939453,19.830446243286133,1812200,0.0,0.0,False,smartfit,SMARTFIT ESCOLA DE GINÁSTICA E DANÇA S.A.,SMFT3,Consumo Cíclico / Academias
2023-07-11,21.90999984741211,22.0,21.040000915527344,21.959999084472656,19.839481353759766,2592600,0.0,0.0,False,smartfit,SMARTFIT ESCOLA DE GINÁSTICA E DANÇA S.A.,SMFT3,Consumo Cíclico / Academias
2023-07-12,22.040000915527344,22.360000610351562,21.739999771118164,21.93000030517578,19.812374114990234,870900,0.0,0.0,False,smartfit,SMARTFIT ESCOLA DE GINÁSTICA E DANÇA S.A.,SMFT3,Consumo Cíclico / Academias
2023-07-13,22.139999389648438,22.149999618530273,21.559999465942383,21.889999389648438,19.776235580444336,1284500,0.0,0.0,False,smartfit,SMARTFIT ESCOLA DE GINÁSTICA E DANÇA S.A.,SMFT3,Consumo Cíclico / Academias
2023-07-14,21.75,21.780000686645508,20.760000228881836,21.049999237060547,19.01734733581543,1803600,0.0,0.0,False,smartfit,SMARTFIT ESCOLA DE GINÁSTICA E DANÇA S.A.,SMFT3,Consumo Cíclico / Academias
2023-07-17,21.1299991607666,21.8799991607666,20.68000030517578,21.8799991607666,19.767202377319336,1381800,0.0,0.0,False,smartfit,SMARTFIT ESCOLA DE GINÁSTICA E DANÇA S.A.,SMFT3,Consumo Cíclico / Academias
2023-07-18,21.889999389648438,22.079999923706055,21.700000762939453,22.020000457763672,19.893686294555664,1742300,0.0,0.0,False,smartfit,SMARTFIT ESCOLA DE GINÁSTICA E DANÇA S.A.,SMFT3,Consumo Cíclico / Academias
2023-07-19,22.09000015258789,22.100000381469727,21.59000015258789,21.899999618530273,19.785268783569336,915300,0.0,0.0,False,smartfit,SMARTFIT ESCOLA DE GINÁSTICA E DANÇA S.A.,SMFT3,Consumo Cíclico / Academias
2023-07-20,22.0,22.149999618530273,21.739999771118164,21.739999771118164,19.640722274780273,891900,0.0,0.0,False,smartfit,SMARTFIT ESCOLA DE GINÁSTICA E DANÇA S.A.,SMFT3,Consumo Cíclico / Academias
2023-07-21,21.81999969482422,22.139999389648438,21.639999389648438,21.860000610351562,19.749134063720703,1244600,0.0,0.0,False,smartfit,SMARTFIT ESCOLA DE GINÁSTICA E DANÇA S.A.,SMFT3,Consumo Cíclico / Academias
2023-07-24,21.920000076293945,22.049999237060547,21.479999542236328,21.889999389648438,19.776235580444336,2096900,0.0,0.0,False,smartfit,SMARTFIT ESCOLA DE GINÁSTICA E DANÇA S.A.,SMFT3,Consumo Cíclico / Academias
2023-07-25,22.149999618530273,22.780000686645508,22.149999618530273,22.360000610351562,20.200857162475586,2912600,0.0,0.0,False,smartfit,SMARTFIT ESCOLA DE GINÁSTICA E DANÇA S.A.,SMFT3,Consumo Cíclico / Academias
2023-07-26,22.360000610351562,22.469999313354492,21.649999618530273,22.399999618530273,20.236988067626953,3768700,0.0,0.0,False,smartfit,SMARTFIT ESCOLA DE GINÁSTICA E DANÇA S.A.,SMFT3,Consumo Cíclico / Academias
2023-07-27,22.469999313354492,22.6200008392334,22.1299991607666,22.34000015258789,20.182783126831055,1513600,0.0,0.0,False,smartfit,SMARTFIT ESCOLA DE GINÁSTICA E DANÇA S.A.,SMFT3,Consumo Cíclico / Academias
2023-07-28,22.510000228881836,22.950000762939453,22.200000762939453,22.75,20.553190231323242,1920800,0.0,0.0,False,smartfit,SMARTFIT ESCOLA DE GINÁSTICA E DANÇA S.A.,SMFT3,Consumo Cíclico / Academias
2023-07-31,22.84000015258789,23.270000457763672,22.6299991607666,22.860000610351562,20.652572631835938,1631500,0.0,0.0,False,smartfit,SMARTFIT ESCOLA DE GINÁSTICA E DANÇA S.A.,SMFT3,Consumo Cíclico / Academias
2023-08-01,22.760000228881836,23.34000015258789,22.6200008392334,23.100000381469727,20.869394302368164,2304900,0.0,0.0,False,smartfit,SMARTFIT ESCOLA DE GINÁSTICA E DANÇA S.A.,SMFT3,Consumo Cíclico / Academias
2023-08-02,22.959999084472656,23.700000762939453,22.959999084472656,23.469999313354492,21.20366859436035,1712400,0.0,0.0,False,smartfit,SMARTFIT ESCOLA DE GINÁSTICA E DANÇA S.A.,SMFT3,Consumo Cíclico / Academias
2023-08-03,23.770000457763672,24.170000076293945,23.229999542236328,23.709999084472656,21.42049217224121,2699500,0.0,0.0,False,smartfit,SMARTFIT ESCOLA DE GINÁSTICA E DANÇA S.A.,SMFT3,Consumo Cíclico / Academias
2023-08-04,23.559999465942383,24.170000076293945,23.5,24.1299991607666,21.79993438720703,1899900,0.0,0.0,False,smartfit,SMARTFIT ESCOLA DE GINÁSTICA E DANÇA S.A.,SMFT3,Consumo Cíclico / Academias
2023-08-07,24.219999313354492,24.260000228881836,23.190000534057617,23.299999237060547,21.05008316040039,3102700,0.0,0.0,False,smartfit,SMARTFIT ESCOLA DE GINÁSTICA E DANÇA S.A.,SMFT3,Consumo Cíclico / Academias
2023-08-08,23.06999969482422,24.010000228881836,22.290000915527344,23.540000915527344,21.266908645629883,4160000,0.0,0.0,False,smartfit,SMARTFIT ESCOLA DE GINÁSTICA E DANÇA S.A.,SMFT3,Consumo Cíclico / Academias
2023-08-09,23.6200008392334,23.799999237060547,22.559999465942383,23.200000762939453,20.959739685058594,2199300,0.0,0.0,False,smartfit,SMARTFIT ESCOLA DE GINÁSTICA E DANÇA S.A.,SMFT3,Consumo Cíclico / Academias
2023-08-10,23.31999969482422,23.729999542236328,22.459999084472656,22.5,20.32733726501465,1642800,0.0,0.0,False,smartfit,SMARTFIT ESCOLA DE GINÁSTICA E DANÇA S.A.,SMFT3,Consumo Cíclico / Academias
2023-08-11,22.420000076293945,22.940000534057617,22.100000381469727,22.200000762939453,20.056304931640625,1466900,0.0,0.0,False,smartfit,SMARTFIT ESCOLA DE GINÁSTICA E DANÇA S.A.,SMFT3,Consumo Cíclico / Academias
2023-08-14,22.25,22.329999923706055,21.649999618530273,21.799999237060547,19.69492530822754,1894900,0.0,0.0,False,smartfit,SMARTFIT ESCOLA DE GINÁSTICA E DANÇA S.A.,SMFT3,Consumo Cíclico / Academias
2023-08-15,21.969999313354492,22.040000915527344,21.360000610351562,21.90999984741211,19.7943058013916,1549400,0.0,0.0,False,smartfit,SMARTFIT ESCOLA DE GINÁSTICA E DANÇA S.A.,SMFT3,Consumo Cíclico / Academias
2023-08-16,21.950000762939453,22.389999389648438,21.780000686645508,21.899999618530273,19.785268783569336,1028900,0.0,0.0,False,smartfit,SMARTFIT ESCOLA DE GINÁSTICA E DANÇA S.A.,SMFT3,Consumo Cíclico / Academias
2023-08-17,22.1200008392334,22.149999618530273,21.040000915527344,21.170000076293945,19.125762939453125,2433800,0.0,0.0,False,smartfit,SMARTFIT ESCOLA DE GINÁSTICA E DANÇA S.A.,SMFT3,Consumo Cíclico / Academias
2023-08-18,21.18000030517578,21.540000915527344,20.920000076293945,21.5,19.42389488220215,2505000,0.0,0.0,False,smartfit,SMARTFIT ESCOLA DE GINÁSTICA E DANÇA S.A.,SMFT3,Consumo Cíclico / Academias
2023-08-21,21.549999237060547,21.979999542236328,21.3700008392334,21.950000762939453,19.830446243286133,2693700,0.0,0.0,False,smartfit,SMARTFIT ESCOLA DE GINÁSTICA E DANÇA S.A.,SMFT3,Consumo Cíclico / Academias
2023-08-22,22.079999923706055,23.31999969482422,22.06999969482422,23.1299991607666,20.896501541137695,1986500,0.0,0.0,False,smartfit,SMARTFIT ESCOLA DE GINÁSTICA E DANÇA S.A.,SMFT3,Consumo Cíclico / Academias
2023-08-23,23.399999618530273,23.850000381469727,23.09000015258789,23.639999389648438,21.35725212097168,2268300,0.0,0.0,False,smartfit,SMARTFIT ESCOLA DE GINÁSTICA E DANÇA S.A.,SMFT3,Consumo Cíclico / Academias
2023-08-24,23.700000762939453,23.8799991607666,23.489999771118164,23.549999237060547,21.275943756103516,1879800,0.0,0.0,False,smartfit,SMARTFIT ESCOLA DE GINÁSTICA E DANÇA S.A.,SMFT3,Consumo Cíclico / Academias
2023-08-25,23.690000534057617,23.690000534057617,21.899999618530273,22.350000381469727,20.191816329956055,7009800,0.0,0.0,False,smartfit,SMARTFIT ESCOLA DE GINÁSTICA E DANÇA S.A.,SMFT3,Consumo Cíclico / Academias
2023-08-28,22.31999969482422,22.329999923706055,21.440000534057617,21.899999618530273,19.785268783569336,3137000,0.0,0.0,False,smartfit,SMARTFIT ESCOLA DE GINÁSTICA E DANÇA S.A.,SMFT3,Consumo Cíclico / Academias
2023-08-29,21.860000610351562,22.139999389648438,21.559999465942383,22.06999969482422,19.93885612487793,2151800,0.0,0.0,False,smartfit,SMARTFIT ESCOLA DE GINÁSTICA E DANÇA S.A.,SMFT3,Consumo Cíclico / Academias
2023-08-30,21.979999542236328,22.229999542236328,20.989999771118164,21.110000610351562,19.07155990600586,3272800,0.0,0.0,False,smartfit,SMARTFIT ESCOLA DE GINÁSTICA E DANÇA S.A.,SMFT3,Consumo Cíclico / Academias
2023-08-31,20.969999313354492,21.190000534057617,20.219999313354492,20.600000381469727,18.610807418823242,5597500,0.0,0.0,False,smartfit,SMARTFIT ESCOLA DE GINÁSTICA E DANÇA S.A.,SMFT3,Consumo Cíclico / Academias
2023-09-01,20.639999389648438,21.8799991607666,20.639999389648438,21.8799991607666,19.767202377319336,3421400,0.0,0.0,False,smartfit,SMARTFIT ESCOLA DE GINÁSTICA E DANÇA S.A.,SMFT3,Consumo Cíclico / Academias
2023-09-04,21.719999313354492,21.84000015258789,21.329999923706055,21.809999465942383,19.70396614074707,2573400,0.0,0.0,False,smartfit,SMARTFIT ESCOLA DE GINÁSTICA E DANÇA S.A.,SMFT3,Consumo Cíclico / Academias
2023-09-05,22.290000915527344,22.299999237060547,21.079999923706055,21.299999237060547,19.243209838867188,5014200,0.0,0.0,False,smartfit,SMARTFIT ESCOLA DE GINÁSTICA E DANÇA S.A.,SMFT3,Consumo Cíclico / Academias
2023-09-06,21.219999313354492,21.40999984741211,20.239999771118164,20.3700008392334,18.403011322021484,2189800,0.0,0.0,False,smartfit,SMARTFIT ESCOLA DE GINÁSTICA E DANÇA S.A.,SMFT3,Consumo Cíclico / Academias
2023-09-08,20.209999084472656,20.649999618530273,20.020000457763672,20.649999618530273,18.655975341796875,1495200,0.0,0.0,False,smartfit,SMARTFIT ESCOLA DE GINÁSTICA E DANÇA S.A.,SMFT3,Consumo Cíclico / Academias
2023-09-11,20.860000610351562,20.979999542236328,20.43000030517578,20.940000534057617,18.9179744720459,1253400,0.0,0.0,False,smartfit,SMARTFIT ESCOLA DE GINÁSTICA E DANÇA S.A.,SMFT3,Consumo Cíclico / Academias
2023-09-12,20.940000534057617,21.899999618530273,20.700000762939453,21.75,19.649755477905273,2836900,0.0,0.0,False,smartfit,SMARTFIT ESCOLA DE GINÁSTICA E DANÇA S.A.,SMFT3,Consumo Cíclico / Academias
2023-09-13,21.8799991607666,22.56999969482422,21.649999618530273,21.889999389648438,19.776235580444336,2983200,0.0,0.0,False,smartfit,SMARTFIT ESCOLA DE GINÁSTICA E DANÇA S.A.,SMFT3,Consumo Cíclico / Academias
2023-09-14,22.09000015258789,22.200000762939453,21.639999389648438,21.739999771118164,19.640722274780273,1698900,0.0,0.0,False,smartfit,SMARTFIT ESCOLA DE GINÁSTICA E DANÇA S.A.,SMFT3,Consumo Cíclico / Academias
2023-09-15,21.809999465942383,21.809999465942383,20.979999542236328,21.040000915527344,19.008317947387695,3146000,0.0,0.0,False,smartfit,SMARTFIT ESCOLA DE GINÁSTICA E DANÇA S.A.,SMFT3,Consumo Cíclico / Academias
2023-09-18,20.989999771118164,21.700000762939453,20.709999084472656,21.43000030517578,19.360658645629883,2180200,0.0,0.0,False,smartfit,SMARTFIT ESCOLA DE GINÁSTICA E DANÇA S.A.,SMFT3,Consumo Cíclico / Academias
2023-09-19,21.520000457763672,21.56999969482422,20.940000534057617,21.100000381469727,19.062524795532227,3405300,0.0,0.0,False,smartfit,SMARTFIT ESCOLA DE GINÁSTICA E DANÇA S.A.,SMFT3,Consumo Cíclico / Academias
2023-09-20,21.200000762939453,21.90999984741211,21.18000030517578,21.18000030517578,19.134796142578125,1970300,0.0,0.0,False,smartfit,SMARTFIT ESCOLA DE GINÁSTICA E DANÇA S.A.,SMFT3,Consumo Cíclico / Academias
2023-09-21,20.760000228881836,20.959999084472656,20.280000686645508,20.600000381469727,18.610807418823242,2272600,0.0,0.0,False,smartfit,SMARTFIT ESCOLA DE GINÁSTICA E DANÇA S.A.,SMFT3,Consumo Cíclico / Academias
2023-09-22,20.780000686645508,20.84000015258789,20.149999618530273,20.3799991607666,18.41204833984375,1901300,0.0,0.0,False,smartfit,SMARTFIT ESCOLA DE GINÁSTICA E DANÇA S.A.,SMFT3,Consumo Cíclico / Academias
2023-09-25,20.200000762939453,20.450000762939453,20.059999465942383,20.40999984741211,18.439149856567383,1100500,0.0,0.0,False,smartfit,SMARTFIT ESCOLA DE GINÁSTICA E DANÇA S.A.,SMFT3,Consumo Cíclico / Academias
2023-09-26,20.200000762939453,20.520000457763672,19.690000534057617,19.799999237060547,17.888051986694336,4241100,0.0,0.0,False,smartfit,SMARTFIT ESCOLA DE GINÁSTICA E DANÇA S.A.,SMFT3,Consumo Cíclico / Academias
2023-09-27,19.860000610351562,20.440000534057617,19.600000381469727,20.049999237060547,18.113910675048828,4549000,0.0,0.0,False,smartfit,SMARTFIT ESCOLA DE GINÁSTICA E DANÇA S.A.,SMFT3,Consumo Cíclico / Academias
2023-09-28,20.049999237060547,21.059999465942383,19.899999618530273,20.81999969482422,18.80955696105957,2719300,0.0,0.0,False,smartfit,SMARTFIT ESCOLA DE GINÁSTICA E DANÇA S.A.,SMFT3,Consumo Cíclico / Academias
2023-09-29,21.209999084472656,21.709999084472656,21.040000915527344,21.5,19.42389488220215,2679700,0.0,0.0,False,smartfit,SMARTFIT ESCOLA DE GINÁSTICA E DANÇA S.A.,SMFT3,Consumo Cíclico / Academias
2023-10-02,21.559999465942383,21.780000686645508,21.239999771118164,21.489999771118164,19.41486358642578,4747500,0.0,0.0,False,smartfit,SMARTFIT ESCOLA DE GINÁSTICA E DANÇA S.A.,SMFT3,Consumo Cíclico / Academias
2023-10-03,21.270000457763672,21.450000762939453,20.459999084472656,20.600000381469727,18.610807418823242,1813500,0.0,0.0,False,smartfit,SMARTFIT ESCOLA DE GINÁSTICA E DANÇA S.A.,SMFT3,Consumo Cíclico / Academias
2023-10-04,20.989999771118164,21.360000610351562,20.489999771118164,21.149999618530273,19.107694625854492,1411100,0.0,0.0,False,smartfit,SMARTFIT ESCOLA DE GINÁSTICA E DANÇA S.A.,SMFT3,Consumo Cíclico / Academias
2023-10-05,21.149999618530273,21.3799991607666,20.649999618530273,20.889999389648438,18.872798919677734,1170000,0.0,0.0,False,smartfit,SMARTFIT ESCOLA DE GINÁSTICA E DANÇA S.A.,SMFT3,Consumo Cíclico / Academias
2023-10-06,20.59000015258789,20.760000228881836,19.940000534057617,20.649999618530273,18.655975341796875,1844700,0.0,0.0,False,smartfit,SMARTFIT ESCOLA DE GINÁSTICA E DANÇA S.A.,SMFT3,Consumo Cíclico / Academias
2023-10-09,20.510000228881836,21.3700008392334,20.299999237060547,21.200000762939453,19.15286636352539,1885100,0.0,0.0,False,smartfit,SMARTFIT ESCOLA DE GINÁSTICA E DANÇA S.A.,SMFT3,Consumo Cíclico / Academias
2023-10-10,21.25,22.399999618530273,21.25,22.030000686645508,19.90271759033203,2162300,0.0,0.0,False,smartfit,SMARTFIT ESCOLA DE GINÁSTICA E DANÇA S.A.,SMFT3,Consumo Cíclico / Academias
2023-10-11,22.040000915527344,22.239999771118164,21.59000015258789,22.100000381469727,19.96596336364746,1341600,0.0,0.0,False,smartfit,SMARTFIT ESCOLA DE GINÁSTICA E DANÇA S.A.,SMFT3,Consumo Cíclico / Academias
2023-10-13,21.690000534057617,21.690000534057617,20.350000381469727,20.350000381469727,18.680246353149414,2481600,0.34936,0.0,False,smartfit,SMARTFIT ESCOLA DE GINÁSTICA E DANÇA S.A.,SMFT3,Consumo Cíclico / Academias
2023-10-16,20.5,20.739999771118164,20.09000015258789,20.280000686645508,18.61598777770996,1143000,0.0,0.0,False,smartfit,SMARTFIT ESCOLA DE GINÁSTICA E DANÇA S.A.,SMFT3,Consumo Cíclico / Academias
2023-10-17,20.1299991607666,20.639999389648438,19.799999237060547,19.899999618530273,18.267168045043945,2148800,0.0,0.0,False,smartfit,SMARTFIT ESCOLA DE GINÁSTICA E DANÇA S.A.,SMFT3,Consumo Cíclico / Academias
2023-10-18,19.75,19.75,19.09000015258789,19.360000610351562,17.77147674560547,3917200,0.0,0.0,False,smartfit,SMARTFIT ESCOLA DE GINÁSTICA E DANÇA S.A.,SMFT3,Consumo Cíclico / Academias
2023-10-19,19.3799991607666,20.049999237060547,19.309999465942383,19.309999465942383,17.72557830810547,1528200,0.0,0.0,False,smartfit,SMARTFIT ESCOLA DE GINÁSTICA E DANÇA S.A.,SMFT3,Consumo Cíclico / Academias
2023-10-20,19.139999389648438,19.479999542236328,18.899999618530273,19.299999237060547,17.716398239135742,1886500,0.0,0.0,False,smartfit,SMARTFIT ESCOLA DE GINÁSTICA E DANÇA S.A.,SMFT3,Consumo Cíclico / Academias
2023-10-23,19.170000076293945,19.989999771118164,19.020000457763672,19.559999465942383,17.95506477355957,1414900,0.0,0.0,False,smartfit,SMARTFIT ESCOLA DE GINÁSTICA E DANÇA S.A.,SMFT3,Consumo Cíclico / Academias
2023-10-24,19.709999084472656,20.1299991607666,19.559999465942383,19.940000534057617,18.303884506225586,1163100,0.0,0.0,False,smartfit,SMARTFIT ESCOLA DE GINÁSTICA E DANÇA S.A.,SMFT3,Consumo Cíclico / Academias
2023-10-25,19.940000534057617,20.079999923706055,19.280000686645508,19.350000381469727,17.762296676635742,1293200,0.0,0.0,False,smartfit,SMARTFIT ESCOLA DE GINÁSTICA E DANÇA S.A.,SMFT3,Consumo Cíclico / Academias
2023-10-26,19.350000381469727,20.399999618530273,19.350000381469727,20.079999923706055,18.432397842407227,1696600,0.0,0.0,False,smartfit,SMARTFIT ESCOLA DE GINÁSTICA E DANÇA S.A.,SMFT3,Consumo Cíclico / Academias
2023-10-27,20.010000228881836,20.049999237060547,18.860000610351562,19.010000228881836,17.4501953125,2241700,0.0,0.0,False,smartfit,SMARTFIT ESCOLA DE GINÁSTICA E DANÇA S.A.,SMFT3,Consumo Cíclico / Academias
2023-10-30,19.040000915527344,19.1200008392334,18.530000686645508,18.719999313354492,17.183988571166992,2307800,0.0,0.0,False,smartfit,SMARTFIT ESCOLA DE GINÁSTICA E DANÇA S.A.,SMFT3,Consumo Cíclico / Academias
2023-10-31,18.709999084472656,19.5,18.40999984741211,19.3700008392334,17.78065299987793,1332900,0.0,0.0,False,smartfit,SMARTFIT ESCOLA DE GINÁSTICA E DANÇA S.A.,SMFT3,Consumo Cíclico / Academias
2023-11-01,19.399999618530273,19.940000534057617,18.90999984741211,19.760000228881836,18.138654708862305,2662200,0.0,0.0,False,smartfit,SMARTFIT ESCOLA DE GINÁSTICA E DANÇA S.A.,SMFT3,Consumo Cíclico / Academias
2023-11-03,20.030000686645508,21.040000915527344,20.030000686645508,20.940000534057617,19.22183609008789,2516000,0.0,0.0,False,smartfit,SMARTFIT ESCOLA DE GINÁSTICA E DANÇA S.A.,SMFT3,Consumo Cíclico / Academias
2023-11-06,20.8700008392334,21.1299991607666,19.799999237060547,19.899999618530273,18.267168045043945,1663300,0.0,0.0,False,smartfit,SMARTFIT ESCOLA DE GINÁSTICA E DANÇA S.A.,SMFT3,Consumo Cíclico / Academias
2023-11-07,19.920000076293945,20.920000076293945,19.709999084472656,20.84000015258789,19.130041122436523,2103900,0.0,0.0,False,smartfit,SMARTFIT ESCOLA DE GINÁSTICA E DANÇA S.A.,SMFT3,Consumo Cíclico / Academias
2023-11-08,20.299999237060547,21.469999313354492,19.790000915527344,20.760000228881836,19.056602478027344,2767600,0.0,0.0,False,smartfit,SMARTFIT ESCOLA DE GINÁSTICA E DANÇA S.A.,SMFT3,Consumo Cíclico / Academias
2023-11-09,20.969999313354492,21.520000457763672,20.420000076293945,20.899999618530273,19.18511199951172,2027600,0.0,0.0,False,smartfit,SMARTFIT ESCOLA DE GINÁSTICA E DANÇA S.A.,SMFT3,Consumo Cíclico / Academias
2023-11-10,20.899999618530273,22.15999984741211,20.860000610351562,22.0,20.194860458374023,3621000,0.0,0.0,False,smartfit,SMARTFIT ESCOLA DE GINÁSTICA E DANÇA S.A.,SMFT3,Consumo Cíclico / Academias
2023-11-13,22.020000457763672,22.06999969482422,21.559999465942383,22.0,20.194860458374023,1819400,0.0,0.0,False,smartfit,SMARTFIT ESCOLA DE GINÁSTICA E DANÇA S.A.,SMFT3,Consumo Cíclico / Academias
2023-11-14,22.09000015258789,23.18000030517578,22.0,22.700000762939453,20.837419509887695,4733300,0.0,0.0,False,smartfit,SMARTFIT ESCOLA DE GINÁSTICA E DANÇA S.A.,SMFT3,Consumo Cíclico / Academias
2023-11-16,22.790000915527344,23.299999237060547,22.729999542236328,23.100000381469727,21.20460319519043,2338300,0.0,0.0,False,smartfit,SMARTFIT ESCOLA DE GINÁSTICA E DANÇA S.A.,SMFT3,Consumo Cíclico / Academias
2023-11-17,23.059999465942383,23.350000381469727,22.549999237060547,22.90999984741211,21.030193328857422,2436900,0.0,0.0,False,smartfit,SMARTFIT ESCOLA DE GINÁSTICA E DANÇA S.A.,SMFT3,Consumo Cíclico / Academias
2023-11-20,22.889999389648438,22.989999771118164,22.469999313354492,22.59000015258789,20.7364501953125,1960800,0.0,0.0,False,smartfit,SMARTFIT ESCOLA DE GINÁSTICA E DANÇA S.A.,SMFT3,Consumo Cíclico / Academias
2023-11-21,22.399999618530273,22.549999237060547,21.65999984741211,22.34000015258789,20.506959915161133,1962400,0.0,0.0,False,smartfit,SMARTFIT ESCOLA DE GINÁSTICA E DANÇA S.A.,SMFT3,Consumo Cíclico / Academias
2023-11-22,22.420000076293945,23.100000381469727,21.989999771118164,22.350000381469727,20.516143798828125,1660400,0.0,0.0,False,smartfit,SMARTFIT ESCOLA DE GINÁSTICA E DANÇA S.A.,SMFT3,Consumo Cíclico / Academias
2023-11-23,22.329999923706055,22.360000610351562,21.899999618530273,22.260000228881836,20.43352508544922,1091800,0.0,0.0,False,smartfit,SMARTFIT ESCOLA DE GINÁSTICA E DANÇA S.A.,SMFT3,Consumo Cíclico / Academias
2023-11-24,22.100000381469727,22.100000381469727,21.459999084472656,21.829999923706055,20.038806915283203,1760200,0.0,0.0,False,smartfit,SMARTFIT ESCOLA DE GINÁSTICA E DANÇA S.A.,SMFT3,Consumo Cíclico / Academias
2023-11-27,21.84000015258789,22.110000610351562,21.479999542236328,22.049999237060547,20.24075698852539,1607300,0.0,0.0,False,smartfit,SMARTFIT ESCOLA DE GINÁSTICA E DANÇA S.A.,SMFT3,Consumo Cíclico / Academias
2023-11-28,22.020000457763672,22.709999084472656,21.950000762939453,22.399999618530273,20.562036514282227,1584100,0.0,0.0,False,smartfit,SMARTFIT ESCOLA DE GINÁSTICA E DANÇA S.A.,SMFT3,Consumo Cíclico / Academias
2023-11-29,22.600000381469727,22.729999542236328,22.270000457763672,22.450000762939453,20.60793685913086,1838400,0.0,0.0,False,smartfit,SMARTFIT ESCOLA DE GINÁSTICA E DANÇA S.A.,SMFT3,Consumo Cíclico / Academias
2023-11-30,22.6200008392334,23.149999618530273,22.489999771118164,23.149999618530273,21.250497817993164,1809900,0.0,0.0,False,smartfit,SMARTFIT ESCOLA DE GINÁSTICA E DANÇA S.A.,SMFT3,Consumo Cíclico / Academias
2023-12-01,23.079999923706055,24.360000610351562,22.940000534057617,24.360000610351562,22.361217498779297,4335100,0.0,0.0,False,smartfit,SMARTFIT ESCOLA DE GINÁSTICA E DANÇA S.A.,SMFT3,Consumo Cíclico / Academias
2023-12-04,24.329999923706055,24.3799991607666,23.329999923706055,23.690000534057617,21.746192932128906,1633400,0.0,0.0,False,smartfit,SMARTFIT ESCOLA DE GINÁSTICA E DANÇA S.A.,SMFT3,Consumo Cíclico / Academias
2023-12-05,23.81999969482422,24.149999618530273,23.479999542236328,23.549999237060547,21.617679595947266,1299700,0.0,0.0,False,smartfit,SMARTFIT ESCOLA DE GINÁSTICA E DANÇA S.A.,SMFT3,Consumo Cíclico / Academias
2023-12-06,23.549999237060547,24.040000915527344,23.450000762939453,23.540000915527344,21.60849952697754,2220000,0.0,0.0,False,smartfit,SMARTFIT ESCOLA DE GINÁSTICA E DANÇA S.A.,SMFT3,Consumo Cíclico / Academias
2023-12-07,23.489999771118164,24.200000762939453,23.489999771118164,24.110000610351562,22.131729125976562,3081800,0.0,0.0,False,smartfit,SMARTFIT ESCOLA DE GINÁSTICA E DANÇA S.A.,SMFT3,Consumo Cíclico / Academias
2023-12-08,24.219999313354492,24.8799991607666,23.90999984741211,24.719999313354492,22.69167709350586,2781300,0.0,0.0,False,smartfit,SMARTFIT ESCOLA DE GINÁSTICA E DANÇA S.A.,SMFT3,Consumo Cíclico / Academias
2023-12-11,24.709999084472656,24.709999084472656,24.229999542236328,24.450000762939453,22.44383430480957,1602400,0.0,0.0,False,smartfit,SMARTFIT ESCOLA DE GINÁSTICA E DANÇA S.A.,SMFT3,Consumo Cíclico / Academias
2023-12-12,24.5,25.1200008392334,24.139999389648438,24.920000076293945,22.969629287719727,2319800,0.100445,0.0,False,smartfit,SMARTFIT ESCOLA DE GINÁSTICA E DANÇA S.A.,SMFT3,Consumo Cíclico / Academias
2023-12-13,24.760000228881836,25.81999969482422,24.760000228881836,25.81999969482422,23.799192428588867,3157400,0.0,0.0,False,smartfit,SMARTFIT ESCOLA DE GINÁSTICA E DANÇA S.A.,SMFT3,Consumo Cíclico / Academias
2023-12-14,25.899999618530273,26.510000228881836,25.1299991607666,25.40999984741211,23.421283721923828,6171600,0.0,0.0,False,smartfit,SMARTFIT ESCOLA DE GINÁSTICA E DANÇA S.A.,SMFT3,Consumo Cíclico / Academias
2023-12-15,25.350000381469727,25.8700008392334,25.1200008392334,25.459999084472656,23.467369079589844,1712700,0.0,0.0,False,smartfit,SMARTFIT ESCOLA DE GINÁSTICA E DANÇA S.A.,SMFT3,Consumo Cíclico / Academias
2023-12-18,25.450000762939453,25.6299991607666,25.139999389648438,25.219999313354492,23.246150970458984,1650900,0.0,0.0,False,smartfit,SMARTFIT ESCOLA DE GINÁSTICA E DANÇA S.A.,SMFT3,Consumo Cíclico / Academias
2023-12-19,25.40999984741211,25.59000015258789,24.670000076293945,24.90999984741211,22.960412979125977,2403900,0.0,0.0,False,smartfit,SMARTFIT ESCOLA DE GINÁSTICA E DANÇA S.A.,SMFT3,Consumo Cíclico / Academias
2023-12-20,24.739999771118164,25.290000915527344,24.65999984741211,25.149999618530273,23.181631088256836,1564900,0.0,0.0,False,smartfit,SMARTFIT ESCOLA DE GINÁSTICA E DANÇA S.A.,SMFT3,Consumo Cíclico / Academias
2023-12-21,25.209999084472656,25.450000762939453,25.020000457763672,25.3700008392334,23.384410858154297,655000,0.0,0.0,False,smartfit,SMARTFIT ESCOLA DE GINÁSTICA E DANÇA S.A.,SMFT3,Consumo Cíclico / Academias
2023-12-22,25.540000915527344,25.729999542236328,25.139999389648438,25.729999542236328,23.716236114501953,1108000,0.0,0.0,False,smartfit,SMARTFIT ESCOLA DE GINÁSTICA E DANÇA S.A.,SMFT3,Consumo Cíclico / Academias
2023-12-26,25.729999542236328,26.040000915527344,25.469999313354492,25.940000534057617,23.909799575805664,1742200,0.0,0.0,False,smartfit,SMARTFIT ESCOLA DE GINÁSTICA E DANÇA S.A.,SMFT3,Consumo Cíclico / Academias
2023-12-27,25.75,26.18000030517578,25.75,26.030000686645508,23.99275779724121,1296400,0.0,0.0,False,smartfit,SMARTFIT ESCOLA DE GINÁSTICA E DANÇA S.A.,SMFT3,Consumo Cíclico / Academias
2023-12-28,26.09000015258789,26.260000228881836,25.6200008392334,26.030000686645508,23.99275779724121,2771200,0.0,0.0,False,smartfit,SMARTFIT ESCOLA DE GINÁSTICA E DANÇA S.A.,SMFT3,Consumo Cíclico / Academias
2024-01-02,25.270000457763672,25.360000610351562,24.68000030517578,24.829999923706055,22.886674880981445,3244300,0.0,0.0,False,smartfit,SMARTFIT ESCOLA DE GINÁSTICA E DANÇA S.A.,SMFT3,Consumo Cíclico / Academias
2024-01-03,24.850000381469727,25.520000457763672,24.520000457763672,25.34000015258789,23.356761932373047,2843200,0.0,0.0,False,smartfit,SMARTFIT ESCOLA DE GINÁSTICA E DANÇA S.A.,SMFT3,Consumo Cíclico / Academias
2024-01-04,25.450000762939453,25.489999771118164,24.290000915527344,24.579999923706055,22.65624237060547,2643400,0.0,0.0,False,smartfit,SMARTFIT ESCOLA DE GINÁSTICA E DANÇA S.A.,SMFT3,Consumo Cíclico / Academias
2024-01-05,24.6200008392334,25.399999618530273,24.450000762939453,25.010000228881836,23.052587509155273,1838900,0.0,0.0,False,smartfit,SMARTFIT ESCOLA DE GINÁSTICA E DANÇA S.A.,SMFT3,Consumo Cíclico / Academias
2024-01-08,24.829999923706055,26.25,24.639999389648438,25.940000534057617,23.909799575805664,2981000,0.0,0.0,False,smartfit,SMARTFIT ESCOLA DE GINÁSTICA E DANÇA S.A.,SMFT3,Consumo Cíclico / Academias
2024-01-09,25.90999984741211,26.040000915527344,25.31999969482422,25.84000015258789,23.817625045776367,2778200,0.0,0.0,False,smartfit,SMARTFIT ESCOLA DE GINÁSTICA E DANÇA S.A.,SMFT3,Consumo Cíclico / Academias
2024-01-10,25.90999984741211,25.989999771118164,25.15999984741211,25.520000457763672,23.522672653198242,1978700,0.0,0.0,False,smartfit,SMARTFIT ESCOLA DE GINÁSTICA E DANÇA S.A.,SMFT3,Consumo Cíclico / Academias
2024-01-11,25.59000015258789,25.729999542236328,25.18000030517578,25.389999389648438,23.40284538269043,1490100,0.0,0.0,False,smartfit,SMARTFIT ESCOLA DE GINÁSTICA E DANÇA S.A.,SMFT3,Consumo Cíclico / Academias
2024-01-12,25.299999237060547,25.950000762939453,24.770000457763672,25.450000762939453,23.458152770996094,1779100,0.0,0.0,False,smartfit,SMARTFIT ESCOLA DE GINÁSTICA E DANÇA S.A.,SMFT3,Consumo Cíclico / Academias
2024-01-15,25.450000762939453,25.639999389648438,24.989999771118164,25.350000381469727,23.365978240966797,4521200,0.0,0.0,False,smartfit,SMARTFIT ESCOLA DE GINÁSTICA E DANÇA S.A.,SMFT3,Consumo Cíclico / Academias
2024-01-16,25.290000915527344,25.450000762939453,25.030000686645508,25.3799991607666,23.39362907409668,2048500,0.0,0.0,False,smartfit,SMARTFIT ESCOLA DE GINÁSTICA E DANÇA S.A.,SMFT3,Consumo Cíclico / Academias
2024-01-17,25.350000381469727,25.559999465942383,25.040000915527344,25.309999465942383,23.329105377197266,1957100,0.0,0.0,False,smartfit,SMARTFIT ESCOLA DE GINÁSTICA E DANÇA S.A.,SMFT3,Consumo Cíclico / Academias
2024-01-18,25.31999969482422,25.610000610351562,25.040000915527344,25.18000030517578,23.20928382873535,1846500,0.0,0.0,False,smartfit,SMARTFIT ESCOLA DE GINÁSTICA E DANÇA S.A.,SMFT3,Consumo Cíclico / Academias
2024-01-19,25.350000381469727,25.90999984741211,25.06999969482422,25.729999542236328,23.716236114501953,1688300,0.0,0.0,False,smartfit,SMARTFIT ESCOLA DE GINÁSTICA E DANÇA S.A.,SMFT3,Consumo Cíclico / Academias
2024-01-22,26.049999237060547,26.049999237060547,24.489999771118164,24.700000762939453,22.76685333251953,2199700,0.0,0.0,False,smartfit,SMARTFIT ESCOLA DE GINÁSTICA E DANÇA S.A.,SMFT3,Consumo Cíclico / Academias
2024-01-23,24.790000915527344,25.149999618530273,24.3799991607666,24.770000457763672,22.83137321472168,1953000,0.0,0.0,False,smartfit,SMARTFIT ESCOLA DE GINÁSTICA E DANÇA S.A.,SMFT3,Consumo Cíclico / Academias
2024-01-24,24.829999923706055,25.049999237060547,24.100000381469727,24.3700008392334,22.462677001953125,2191700,0.0,0.0,False,smartfit,SMARTFIT ESCOLA DE GINÁSTICA E DANÇA S.A.,SMFT3,Consumo Cíclico / Academias
2024-01-25,24.40999984741211,24.860000610351562,24.31999969482422,24.829999923706055,22.886674880981445,2198800,0.0,0.0,False,smartfit,SMARTFIT ESCOLA DE GINÁSTICA E DANÇA S.A.,SMFT3,Consumo Cíclico / Academias
2024-01-26,24.829999923706055,25.100000381469727,24.479999542236328,25.010000228881836,23.052587509155273,1134200,0.0,0.0,False,smartfit,SMARTFIT ESCOLA DE GINÁSTICA E DANÇA S.A.,SMFT3,Consumo Cíclico / Academias
2024-01-29,24.850000381469727,25.170000076293945,24.670000076293945,24.799999237060547,22.859024047851562,576800,0.0,0.0,False,smartfit,SMARTFIT ESCOLA DE GINÁSTICA E DANÇA S.A.,SMFT3,Consumo Cíclico / Academias
2024-01-30,24.65999984741211,24.770000457763672,24.18000030517578,24.440000534057617,22.527198791503906,910500,0.0,0.0,False,smartfit,SMARTFIT ESCOLA DE GINÁSTICA E DANÇA S.A.,SMFT3,Consumo Cíclico / Academias
2024-01-31,24.350000381469727,25.15999984741211,24.25,24.25,22.352069854736328,1885900,0.0,0.0,False,smartfit,SMARTFIT ESCOLA DE GINÁSTICA E DANÇA S.A.,SMFT3,Consumo Cíclico / Academias
2024-02-01,24.15999984741211,24.93000030517578,24.15999984741211,24.670000076293945,22.739198684692383,1717100,0.0,0.0,False,smartfit,SMARTFIT ESCOLA DE GINÁSTICA E DANÇA S.A.,SMFT3,Consumo Cíclico / Academias
2024-02-02,24.790000915527344,24.969999313354492,24.239999771118164,24.5,22.582500457763672,2003400,0.0,0.0,False,smartfit,SMARTFIT ESCOLA DE GINÁSTICA E DANÇA S.A.,SMFT3,Consumo Cíclico / Academias
2024-02-05,24.3700008392334,25.229999542236328,24.3700008392334,24.899999618530273,22.951196670532227,2273500,0.0,0.0,False,smartfit,SMARTFIT ESCOLA DE GINÁSTICA E DANÇA S.A.,SMFT3,Consumo Cíclico / Academias
2024-02-06,24.979999542236328,25.139999389648438,24.280000686645508,24.3799991607666,22.471895217895508,1920100,0.0,0.0,False,smartfit,SMARTFIT ESCOLA DE GINÁSTICA E DANÇA S.A.,SMFT3,Consumo Cíclico / Academias
2024-02-07,24.43000030517578,24.899999618530273,24.350000381469727,24.649999618530273,22.72076416015625,3423500,0.0,0.0,False,smartfit,SMARTFIT ESCOLA DE GINÁSTICA E DANÇA S.A.,SMFT3,Consumo Cíclico / Academias
2024-02-08,24.719999313354492,24.729999542236328,23.899999618530273,24.479999542236328,22.564067840576172,1270600,0.0,0.0,False,smartfit,SMARTFIT ESCOLA DE GINÁSTICA E DANÇA S.A.,SMFT3,Consumo Cíclico / Academias
2024-02-09,24.520000457763672,25.25,24.520000457763672,24.940000534057617,22.988067626953125,1451100,0.0,0.0,False,smartfit,SMARTFIT ESCOLA DE GINÁSTICA E DANÇA S.A.,SMFT3,Consumo Cíclico / Academias
2024-02-14,24.809999465942383,25.059999465942383,24.18000030517578,24.360000610351562,22.453458786010742,1156000,0.0,0.0,False,smartfit,SMARTFIT ESCOLA DE GINÁSTICA E DANÇA S.A.,SMFT3,Consumo Cíclico / Academias
2024-02-15,24.309999465942383,24.84000015258789,24.229999542236328,24.600000381469727,22.6746768951416,1025500,0.0,0.0,False,smartfit,SMARTFIT ESCOLA DE GINÁSTICA E DANÇA S.A.,SMFT3,Consumo Cíclico / Academias
2024-02-16,24.68000030517578,24.899999618530273,24.229999542236328,24.399999618530273,22.490327835083008,1155500,0.0,0.0,False,smartfit,SMARTFIT ESCOLA DE GINÁSTICA E DANÇA S.A.,SMFT3,Consumo Cíclico / Academias
2024-02-19,24.450000762939453,24.760000228881836,24.1200008392334,24.260000228881836,22.361286163330078,910900,0.0,0.0,False,smartfit,SMARTFIT ESCOLA DE GINÁSTICA E DANÇA S.A.,SMFT3,Consumo Cíclico / Academias
2024-02-20,24.09000015258789,25.040000915527344,23.979999542236328,24.959999084472656,23.006500244140625,2772000,0.0,0.0,False,smartfit,SMARTFIT ESCOLA DE GINÁSTICA E DANÇA S.A.,SMFT3,Consumo Cíclico / Academias
2024-02-21,25.0,25.0,24.299999237060547,24.719999313354492,22.78528594970703,2887100,0.0,0.0,False,smartfit,SMARTFIT ESCOLA DE GINÁSTICA E DANÇA S.A.,SMFT3,Consumo Cíclico / Academias
2024-02-22,24.729999542236328,25.479999542236328,24.729999542236328,25.350000381469727,23.365978240966797,1212700,0.0,0.0,False,smartfit,SMARTFIT ESCOLA DE GINÁSTICA E DANÇA S.A.,SMFT3,Consumo Cíclico / Academias
2024-02-23,25.360000610351562,25.43000030517578,24.360000610351562,24.520000457763672,22.600936889648438,1597500,0.0,0.0,False,smartfit,SMARTFIT ESCOLA DE GINÁSTICA E DANÇA S.A.,SMFT3,Consumo Cíclico / Academias
2024-02-26,24.56999969482422,24.68000030517578,24.209999084472656,24.260000228881836,22.361286163330078,832800,0.0,0.0,False,smartfit,SMARTFIT ESCOLA DE GINÁSTICA E DANÇA S.A.,SMFT3,Consumo Cíclico / Academias
2024-02-27,24.3700008392334,25.280000686645508,24.3700008392334,25.030000686645508,23.07102394104004,2479700,0.0,0.0,False,smartfit,SMARTFIT ESCOLA DE GINÁSTICA E DANÇA S.A.,SMFT3,Consumo Cíclico / Academias
2024-02-28,24.90999984741211,24.90999984741211,24.190000534057617,24.420000076293945,22.508766174316406,2262200,0.0,0.0,False,smartfit,SMARTFIT ESCOLA DE GINÁSTICA E DANÇA S.A.,SMFT3,Consumo Cíclico / Academias
2024-02-29,24.40999984741211,24.56999969482422,24.110000610351562,24.459999084472656,22.54563331604004,1892300,0.0,0.0,False,smartfit,SMARTFIT ESCOLA DE GINÁSTICA E DANÇA S.A.,SMFT3,Consumo Cíclico / Academias
2024-03-01,24.459999084472656,25.440000534057617,24.3799991607666,25.299999237060547,23.319889068603516,2216300,0.0,0.0,False,smartfit,SMARTFIT ESCOLA DE GINÁSTICA E DANÇA S.A.,SMFT3,Consumo Cíclico / Academias
2024-03-04,25.299999237060547,25.420000076293945,24.600000381469727,24.6200008392334,22.693113327026367,1371600,0.0,0.0,False,smartfit,SMARTFIT ESCOLA DE GINÁSTICA E DANÇA S.A.,SMFT3,Consumo Cíclico / Academias
2024-03-05,24.6200008392334,25.270000457763672,24.59000015258789,24.799999237060547,22.859024047851562,1135600,0.0,0.0,False,smartfit,SMARTFIT ESCOLA DE GINÁSTICA E DANÇA S.A.,SMFT3,Consumo Cíclico / Academias
2024-03-06,24.860000610351562,25.6299991607666,24.860000610351562,25.059999465942383,23.098674774169922,2039400,0.0,0.0,False,smartfit,SMARTFIT ESCOLA DE GINÁSTICA E DANÇA S.A.,SMFT3,Consumo Cíclico / Academias
2024-03-07,24.969999313354492,25.31999969482422,24.690000534057617,24.81999969482422,22.877460479736328,2022300,0.0,0.0,False,smartfit,SMARTFIT ESCOLA DE GINÁSTICA E DANÇA S.A.,SMFT3,Consumo Cíclico / Academias
2024-03-08,24.510000228881836,25.350000381469727,24.5,24.559999465942383,22.63780975341797,1133500,0.0,0.0,False,smartfit,SMARTFIT ESCOLA DE GINÁSTICA E DANÇA S.A.,SMFT3,Consumo Cíclico / Academias
2024-03-11,24.520000457763672,24.940000534057617,24.209999084472656,24.469999313354492,22.554847717285156,2221600,0.0,0.0,False,smartfit,SMARTFIT ESCOLA DE GINÁSTICA E DANÇA S.A.,SMFT3,Consumo Cíclico / Academias
2024-03-12,24.56999969482422,25.170000076293945,24.399999618530273,24.950000762939453,22.99728012084961,1572700,0.0,0.0,False,smartfit,SMARTFIT ESCOLA DE GINÁSTICA E DANÇA S.A.,SMFT3,Consumo Cíclico / Academias
2024-03-13,24.950000762939453,25.549999237060547,24.8799991607666,25.200000762939453,23.227720260620117,1088700,0.0,0.0,False,smartfit,SMARTFIT ESCOLA DE GINÁSTICA E DANÇA S.A.,SMFT3,Consumo Cíclico / Academias
2024-03-14,25.829999923706055,25.829999923706055,24.889999389648438,25.389999389648438,23.40284538269043,3778800,0.0,0.0,False,smartfit,SMARTFIT ESCOLA DE GINÁSTICA E DANÇA S.A.,SMFT3,Consumo Cíclico / Academias
2024-03-15,25.5,25.760000228881836,25.18000030517578,25.219999313354492,23.246150970458984,1472200,0.0,0.0,False,smartfit,SMARTFIT ESCOLA DE GINÁSTICA E DANÇA S.A.,SMFT3,Consumo Cíclico / Academias
2024-03-18,25.239999771118164,25.549999237060547,25.219999313354492,25.31999969482422,23.33832550048828,2075900,0.0,0.0,False,smartfit,SMARTFIT ESCOLA DE GINÁSTICA E DANÇA S.A.,SMFT3,Consumo Cíclico / Academias
2024-03-19,25.219999313354492,25.549999237060547,25.079999923706055,25.3799991607666,23.39362907409668,1876700,0.0,0.0,False,smartfit,SMARTFIT ESCOLA DE GINÁSTICA E DANÇA S.A.,SMFT3,Consumo Cíclico / Academias
2024-03-20,25.149999618530273,26.829999923706055,25.149999618530273,26.65999984741211,24.57345199584961,3344200,0.0,0.0,False,smartfit,SMARTFIT ESCOLA DE GINÁSTICA E DANÇA S.A.,SMFT3,Consumo Cíclico / Academias
2024-03-21,26.850000381469727,27.239999771118164,26.299999237060547,27.020000457763672,24.905271530151367,4043600,0.0,0.0,False,smartfit,SMARTFIT ESCOLA DE GINÁSTICA E DANÇA S.A.,SMFT3,Consumo Cíclico / Academias
2024-03-22,27.020000457763672,27.079999923706055,26.15999984741211,26.559999465942383,24.48127555847168,1578300,0.0,0.0,False,smartfit,SMARTFIT ESCOLA DE GINÁSTICA E DANÇA S.A.,SMFT3,Consumo Cíclico / Academias
2024-03-25,26.56999969482422,26.760000228881836,26.18000030517578,26.459999084472656,24.38910484313965,788000,0.0,0.0,False,smartfit,SMARTFIT ESCOLA DE GINÁSTICA E DANÇA S.A.,SMFT3,Consumo Cíclico / Academias
2024-03-26,26.3700008392334,26.729999542236328,25.950000762939453,26.34000015258789,24.278493881225586,2296400,0.0,0.0,False,smartfit,SMARTFIT ESCOLA DE GINÁSTICA E DANÇA S.A.,SMFT3,Consumo Cíclico / Academias
2024-03-27,26.309999465942383,26.899999618530273,26.1299991607666,26.540000915527344,24.462841033935547,1660300,0.0,0.0,False,smartfit,SMARTFIT ESCOLA DE GINÁSTICA E DANÇA S.A.,SMFT3,Consumo Cíclico / Academias
2024-03-28,26.260000228881836,26.420000076293945,25.829999923706055,26.0,23.965106964111328,4442900,0.0,0.0,False,smartfit,SMARTFIT ESCOLA DE GINÁSTICA E DANÇA S.A.,SMFT3,Consumo Cíclico / Academias
2024-04-01,25.889999389648438,26.149999618530273,25.540000915527344,25.81999969482422,23.799192428588867,1140800,0.0,0.0,False,smartfit,SMARTFIT ESCOLA DE GINÁSTICA E DANÇA S.A.,SMFT3,Consumo Cíclico / Academias
2024-04-02,25.670000076293945,26.459999084472656,25.670000076293945,26.25,24.195537567138672,2456900,0.0,0.0,False,smartfit,SMARTFIT ESCOLA DE GINÁSTICA E DANÇA S.A.,SMFT3,Consumo Cíclico / Academias
2024-04-03,26.299999237060547,26.399999618530273,25.799999237060547,26.049999237060547,24.011192321777344,1548500,0.0,0.0,False,smartfit,SMARTFIT ESCOLA DE GINÁSTICA E DANÇA S.A.,SMFT3,Consumo Cíclico / Academias
2024-04-04,26.290000915527344,26.81999969482422,25.899999618530273,26.139999389648438,24.094148635864258,1578200,0.0,0.0,False,smartfit,SMARTFIT ESCOLA DE GINÁSTICA E DANÇA S.A.,SMFT3,Consumo Cíclico / Academias
2024-04-05,26.139999389648438,26.3799991607666,25.3799991607666,25.8799991607666,23.8544979095459,1497400,0.0,0.0,False,smartfit,SMARTFIT ESCOLA DE GINÁSTICA E DANÇA S.A.,SMFT3,Consumo Cíclico / Academias
2024-04-08,25.8799991607666,26.350000381469727,25.760000228881836,26.229999542236328,24.17710304260254,1250400,0.0,0.0,False,smartfit,SMARTFIT ESCOLA DE GINÁSTICA E DANÇA S.A.,SMFT3,Consumo Cíclico / Academias
2024-04-09,26.389999389648438,26.68000030517578,26.06999969482422,26.56999969482422,24.49049186706543,1533500,0.0,0.0,False,smartfit,SMARTFIT ESCOLA DE GINÁSTICA E DANÇA S.A.,SMFT3,Consumo Cíclico / Academias
2024-04-10,26.56999969482422,26.56999969482422,25.799999237060547,26.049999237060547,24.011192321777344,1701000,0.0,0.0,False,smartfit,SMARTFIT ESCOLA DE GINÁSTICA E DANÇA S.A.,SMFT3,Consumo Cíclico / Academias
2024-04-11,25.850000381469727,26.1200008392334,25.360000610351562,25.829999923706055,23.808408737182617,1914700,0.0,0.0,False,smartfit,SMARTFIT ESCOLA DE GINÁSTICA E DANÇA S.A.,SMFT3,Consumo Cíclico / Academias
2024-04-12,25.709999084472656,26.110000610351562,24.799999237060547,24.899999618530273,22.951196670532227,3317100,0.0,0.0,False,smartfit,SMARTFIT ESCOLA DE GINÁSTICA E DANÇA S.A.,SMFT3,Consumo Cíclico / Academias
2024-04-15,24.959999084472656,24.959999084472656,24.030000686645508,24.200000762939453,22.30598258972168,3699600,0.0,0.0,False,smartfit,SMARTFIT ESCOLA DE GINÁSTICA E DANÇA S.A.,SMFT3,Consumo Cíclico / Academias
2024-04-16,24.049999237060547,24.610000610351562,23.700000762939453,24.079999923706055,22.19537353515625,2570800,0.0,0.0,False,smartfit,SMARTFIT ESCOLA DE GINÁSTICA E DANÇA S.A.,SMFT3,Consumo Cíclico / Academias
2024-04-17,24.899999618530273,24.93000030517578,23.579999923706055,23.770000457763672,21.909637451171875,3582300,0.0,0.0,False,smartfit,SMARTFIT ESCOLA DE GINÁSTICA E DANÇA S.A.,SMFT3,Consumo Cíclico / Academias
2024-04-18,23.770000457763672,24.350000381469727,23.200000762939453,23.440000534057617,21.6054630279541,2787300,0.0,0.0,False,smartfit,SMARTFIT ESCOLA DE GINÁSTICA E DANÇA S.A.,SMFT3,Consumo Cíclico / Academias
2024-04-19,23.399999618530273,24.229999542236328,23.290000915527344,23.860000610351562,21.992595672607422,2768800,0.0,0.0,False,smartfit,SMARTFIT ESCOLA DE GINÁSTICA E DANÇA S.A.,SMFT3,Consumo Cíclico / Academias
2024-04-22,23.790000915527344,24.5,23.729999542236328,24.15999984741211,22.269113540649414,1673600,0.0,0.0,False,smartfit,SMARTFIT ESCOLA DE GINÁSTICA E DANÇA S.A.,SMFT3,Consumo Cíclico / Academias
2024-04-23,23.950000762939453,24.760000228881836,23.65999984741211,24.579999923706055,22.65624237060547,2007400,0.0,0.0,False,smartfit,SMARTFIT ESCOLA DE GINÁSTICA E DANÇA S.A.,SMFT3,Consumo Cíclico / Academias
2024-04-24,24.700000762939453,25.059999465942383,24.270000457763672,24.559999465942383,22.63780975341797,2381200,0.0,0.0,False,smartfit,SMARTFIT ESCOLA DE GINÁSTICA E DANÇA S.A.,SMFT3,Consumo Cíclico / Academias
2024-04-25,24.5,24.559999465942383,24.110000610351562,24.399999618530273,22.490327835083008,2249300,0.0,0.0,False,smartfit,SMARTFIT ESCOLA DE GINÁSTICA E DANÇA S.A.,SMFT3,Consumo Cíclico / Academias
2024-04-26,24.65999984741211,25.299999237060547,24.600000381469727,25.299999237060547,23.319889068603516,3016900,0.0,0.0,False,smartfit,SMARTFIT ESCOLA DE GINÁSTICA E DANÇA S.A.,SMFT3,Consumo Cíclico / Academias
2024-04-29,25.18000030517578,25.420000076293945,25.1200008392334,25.18000030517578,23.20928382873535,1221600,0.0,0.0,False,smartfit,SMARTFIT ESCOLA DE GINÁSTICA E DANÇA S.A.,SMFT3,Consumo Cíclico / Academias
2024-04-30,25.049999237060547,25.059999465942383,23.979999542236328,24.190000534057617,22.29676628112793,1443400,0.0,0.0,False,smartfit,SMARTFIT ESCOLA DE GINÁSTICA E DANÇA S.A.,SMFT3,Consumo Cíclico / Academias
2024-05-02,24.209999084472656,25.0,24.209999084472656,24.479999542236328,22.564067840576172,1318200,0.0,0.0,False,smartfit,SMARTFIT ESCOLA DE GINÁSTICA E DANÇA S.A.,SMFT3,Consumo Cíclico / Academias
2024-05-03,25.260000228881836,25.709999084472656,25.079999923706055,25.459999084472656,23.467369079589844,2566100,0.0,0.0,False,smartfit,SMARTFIT ESCOLA DE GINÁSTICA E DANÇA S.A.,SMFT3,Consumo Cíclico / Academias
2024-05-06,25.110000610351562,25.540000915527344,24.399999618530273,24.40999984741211,22.49954605102539,1583600,0.0,0.0,False,smartfit,SMARTFIT ESCOLA DE GINÁSTICA E DANÇA S.A.,SMFT3,Consumo Cíclico / Academias
2024-05-07,24.149999618530273,24.670000076293945,24.149999618530273,24.530000686645508,22.61015510559082,1263600,0.0,0.0,False,smartfit,SMARTFIT ESCOLA DE GINÁSTICA E DANÇA S.A.,SMFT3,Consumo Cíclico / Academias
2024-05-08,24.600000381469727,24.600000381469727,23.860000610351562,24.540000915527344,22.619373321533203,1442000,0.0,0.0,False,smartfit,SMARTFIT ESCOLA DE GINÁSTICA E DANÇA S.A.,SMFT3,Consumo Cíclico / Academias
2024-05-09,24.030000686645508,24.139999389648438,23.030000686645508,23.530000686645508,21.688417434692383,4256100,0.0,0.0,False,smartfit,SMARTFIT ESCOLA DE GINÁSTICA E DANÇA S.A.,SMFT3,Consumo Cíclico / Academias
2024-05-10,23.440000534057617,24.149999618530273,23.139999389648438,23.149999618530273,21.338157653808594,2806600,0.0,0.0,False,smartfit,SMARTFIT ESCOLA DE GINÁSTICA E DANÇA S.A.,SMFT3,Consumo Cíclico / Academias
2024-05-13,23.040000915527344,23.350000381469727,22.739999771118164,22.850000381469727,21.0616397857666,2296800,0.0,0.0,False,smartfit,SMARTFIT ESCOLA DE GINÁSTICA E DANÇA S.A.,SMFT3,Consumo Cíclico / Academias
2024-05-14,22.809999465942383,23.549999237060547,22.780000686645508,23.34000015258789,21.51329231262207,1797500,0.0,0.0,False,smartfit,SMARTFIT ESCOLA DE GINÁSTICA E DANÇA S.A.,SMFT3,Consumo Cíclico / Academias
2024-05-15,23.079999923706055,23.729999542236328,23.010000228881836,23.530000686645508,21.688417434692383,1746100,0.0,0.0,False,smartfit,SMARTFIT ESCOLA DE GINÁSTICA E DANÇA S.A.,SMFT3,Consumo Cíclico / Academias
2024-05-16,23.75,23.899999618530273,23.139999389648438,23.139999389648438,21.32894515991211,1160300,0.0,0.0,False,smartfit,SMARTFIT ESCOLA DE GINÁSTICA E DANÇA S.A.,SMFT3,Consumo Cíclico / Academias
2024-05-17,23.18000030517578,23.309999465942383,22.989999771118164,23.239999771118164,21.42111587524414,1583800,0.0,0.0,False,smartfit,SMARTFIT ESCOLA DE GINÁSTICA E DANÇA S.A.,SMFT3,Consumo Cíclico / Academias
2024-05-20,23.229999542236328,23.5,22.959999084472656,22.959999084472656,21.16303062438965,1234400,0.0,0.0,False,smartfit,SMARTFIT ESCOLA DE GINÁSTICA E DANÇA S.A.,SMFT3,Consumo Cíclico / Academias
2024-05-21,22.950000762939453,23.270000457763672,22.93000030517578,23.270000457763672,21.448768615722656,2359200,0.0,0.0,False,smartfit,SMARTFIT ESCOLA DE GINÁSTICA E DANÇA S.A.,SMFT3,Consumo Cíclico / Academias
2024-05-22,23.260000228881836,23.290000915527344,22.799999237060547,22.93000030517578,21.135379791259766,1252400,0.0,0.0,False,smartfit,SMARTFIT ESCOLA DE GINÁSTICA E DANÇA S.A.,SMFT3,Consumo Cíclico / Academias
2024-05-23,22.649999618530273,23.110000610351562,22.219999313354492,22.329999923706055,20.58233642578125,2294500,0.0,0.0,False,smartfit,SMARTFIT ESCOLA DE GINÁSTICA E DANÇA S.A.,SMFT3,Consumo Cíclico / Academias
2024-05-24,22.3700008392334,22.670000076293945,21.84000015258789,21.860000610351562,20.149124145507812,2287300,0.0,0.0,False,smartfit,SMARTFIT ESCOLA DE GINÁSTICA E DANÇA S.A.,SMFT3,Consumo Cíclico / Academias
2024-05-27,22.0,22.100000381469727,21.600000381469727,21.600000381469727,19.909475326538086,1429900,0.0,0.0,False,smartfit,SMARTFIT ESCOLA DE GINÁSTICA E DANÇA S.A.,SMFT3,Consumo Cíclico / Academias
2024-05-28,21.770000457763672,22.309999465942383,21.75,22.0,20.278165817260742,2706400,0.0,0.0,False,smartfit,SMARTFIT ESCOLA DE GINÁSTICA E DANÇA S.A.,SMFT3,Consumo Cíclico / Academias
2024-05-29,21.780000686645508,22.40999984741211,21.780000686645508,22.260000228881836,20.5178165435791,2364300,0.0,0.0,False,smartfit,SMARTFIT ESCOLA DE GINÁSTICA E DANÇA S.A.,SMFT3,Consumo Cíclico / Academias
2024-05-31,22.170000076293945,22.549999237060547,22.149999618530273,22.5,20.73903465270996,2264900,0.0,0.0,False,smartfit,SMARTFIT ESCOLA DE GINÁSTICA E DANÇA S.A.,SMFT3,Consumo Cíclico / Academias
2024-06-03,22.940000534057617,23.290000915527344,22.65999984741211,23.0,21.199901580810547,2850500,0.0,0.0,False,smartfit,SMARTFIT ESCOLA DE GINÁSTICA E DANÇA S.A.,SMFT3,Consumo Cíclico / Academias
2024-06-04,22.959999084472656,23.34000015258789,22.600000381469727,22.719999313354492,20.941814422607422,2910000,0.0,0.0,False,smartfit,SMARTFIT ESCOLA DE GINÁSTICA E DANÇA S.A.,SMFT3,Consumo Cíclico / Academias
2024-06-05,22.770000457763672,23.079999923706055,22.420000076293945,22.540000915527344,20.775903701782227,2153500,0.0,0.0,False,smartfit,SMARTFIT ESCOLA DE GINÁSTICA E DANÇA S.A.,SMFT3,Consumo Cíclico / Academias
2024-06-06,22.530000686645508,22.950000762939453,22.350000381469727,22.93000030517578,21.135379791259766,5408700,0.0,0.0,False,smartfit,SMARTFIT ESCOLA DE GINÁSTICA E DANÇA S.A.,SMFT3,Consumo Cíclico / Academias
2024-06-07,22.790000915527344,22.860000610351562,22.479999542236328,22.600000381469727,20.831207275390625,2625100,0.0,0.0,False,smartfit,SMARTFIT ESCOLA DE GINÁSTICA E DANÇA S.A.,SMFT3,Consumo Cíclico / Academias
2024-06-10,22.610000610351562,22.6200008392334,21.809999465942383,21.940000534057617,20.222862243652344,1929300,0.0,0.0,False,smartfit,SMARTFIT ESCOLA DE GINÁSTICA E DANÇA S.A.,SMFT3,Consumo Cíclico / Academias
2024-06-11,21.950000762939453,22.559999465942383,21.950000762939453,22.3799991607666,20.62842559814453,1561100,0.0,0.0,False,smartfit,SMARTFIT ESCOLA DE GINÁSTICA E DANÇA S.A.,SMFT3,Consumo Cíclico / Academias
2024-06-12,22.68000030517578,22.81999969482422,21.790000915527344,22.049999237060547,20.324251174926758,2287500,0.0,0.0,False,smartfit,SMARTFIT ESCOLA DE GINÁSTICA E DANÇA S.A.,SMFT3,Consumo Cíclico / Academias
2024-06-13,22.25,22.25,21.75,21.799999237060547,20.09381866455078,2151900,0.0,0.0,False,smartfit,SMARTFIT ESCOLA DE GINÁSTICA E DANÇA S.A.,SMFT3,Consumo Cíclico / Academias
2024-06-14,21.799999237060547,22.0,21.520000457763672,21.729999542236328,20.029298782348633,1390400,0.0,0.0,False,smartfit,SMARTFIT ESCOLA DE GINÁSTICA E DANÇA S.A.,SMFT3,Consumo Cíclico / Academias
2024-06-17,21.510000228881836,21.8799991607666,21.440000534057617,21.549999237060547,19.86338233947754,2864800,0.0,0.0,False,smartfit,SMARTFIT ESCOLA DE GINÁSTICA E DANÇA S.A.,SMFT3,Consumo Cíclico / Academias
2024-06-18,21.549999237060547,21.799999237060547,21.260000228881836,21.600000381469727,19.909475326538086,1566000,0.0,0.0,False,smartfit,SMARTFIT ESCOLA DE GINÁSTICA E DANÇA S.A.,SMFT3,Consumo Cíclico / Academias
2024-06-19,21.799999237060547,21.799999237060547,21.200000762939453,21.469999313354492,19.78964614868164,1553900,0.0,0.0,False,smartfit,SMARTFIT ESCOLA DE GINÁSTICA E DANÇA S.A.,SMFT3,Consumo Cíclico / Academias
2024-06-20,21.6200008392334,22.18000030517578,21.530000686645508,21.530000686645508,19.84494972229004,2819000,0.0,0.0,False,smartfit,SMARTFIT ESCOLA DE GINÁSTICA E DANÇA S.A.,SMFT3,Consumo Cíclico / Academias
2024-06-21,21.649999618530273,22.030000686645508,21.43000030517578,21.899999618530273,20.185989379882812,3275800,0.0,0.0,False,smartfit,SMARTFIT ESCOLA DE GINÁSTICA E DANÇA S.A.,SMFT3,Consumo Cíclico / Academias
2024-06-24,22.0,22.149999618530273,21.719999313354492,21.780000686645508,20.15319061279297,1970700,0.08455,0.0,False,smartfit,SMARTFIT ESCOLA DE GINÁSTICA E DANÇA S.A.,SMFT3,Consumo Cíclico / Academias
2024-06-25,21.780000686645508,22.010000228881836,21.459999084472656,21.899999618530273,20.264225006103516,896100,0.0,0.0,False,smartfit,SMARTFIT ESCOLA DE GINÁSTICA E DANÇA S.A.,SMFT3,Consumo Cíclico / Academias
2024-06-26,21.770000457763672,21.959999084472656,21.280000686645508,21.719999313354492,20.09766960144043,1877600,0.0,0.0,False,smartfit,SMARTFIT ESCOLA DE GINÁSTICA E DANÇA S.A.,SMFT3,Consumo Cíclico / Academias
2024-06-27,21.829999923706055,22.239999771118164,21.610000610351562,22.200000762939453,20.541820526123047,1232000,0.0,0.0,False,smartfit,SMARTFIT ESCOLA DE GINÁSTICA E DANÇA S.A.,SMFT3,Consumo Cíclico / Academias
2024-06-28,22.030000686645508,22.149999618530273,21.489999771118164,21.600000381469727,19.986637115478516,1595500,0.0,0.0,False,smartfit,SMARTFIT ESCOLA DE GINÁSTICA E DANÇA S.A.,SMFT3,Consumo Cíclico / Academias
2024-07-01,21.90999984741211,22.25,21.530000686645508,21.799999237060547,20.171695709228516,2306200,0.0,0.0,False,smartfit,SMARTFIT ESCOLA DE GINÁSTICA E DANÇA S.A.,SMFT3,Consumo Cíclico / Academias
2024-07-02,21.809999465942383,22.049999237060547,21.010000228881836,21.010000228881836,19.44070053100586,4290900,0.0,0.0,False,smartfit,SMARTFIT ESCOLA DE GINÁSTICA E DANÇA S.A.,SMFT3,Consumo Cíclico / Academias
2024-07-03,21.190000534057617,22.3700008392334,21.1200008392334,22.059999465942383,20.412277221679688,2328500,0.0,0.0,False,smartfit,SMARTFIT ESCOLA DE GINÁSTICA E DANÇA S.A.,SMFT3,Consumo Cíclico / Academias
2024-07-04,22.389999389648438,23.010000228881836,22.170000076293945,22.760000228881836,21.059993743896484,1868500,0.0,0.0,False,smartfit,SMARTFIT ESCOLA DE GINÁSTICA E DANÇA S.A.,SMFT3,Consumo Cíclico / Academias
2024-07-05,22.850000381469727,23.360000610351562,22.479999542236328,23.049999237060547,21.32832908630371,1623400,0.0,0.0,False,smartfit,SMARTFIT ESCOLA DE GINÁSTICA E DANÇA S.A.,SMFT3,Consumo Cíclico / Academias
2024-07-08,23.110000610351562,23.149999618530273,22.540000915527344,22.709999084472656,21.01372528076172,1593100,0.0,0.0,False,smartfit,SMARTFIT ESCOLA DE GINÁSTICA E DANÇA S.A.,SMFT3,Consumo Cíclico / Academias
2024-07-09,22.84000015258789,23.030000686645508,22.59000015258789,22.889999389648438,21.180280685424805,863800,0.0,0.0,False,smartfit,SMARTFIT ESCOLA DE GINÁSTICA E DANÇA S.A.,SMFT3,Consumo Cíclico / Academias
2024-07-10,22.719999313354492,23.389999389648438,22.719999313354492,23.0,21.28206443786621,1361300,0.0,0.0,False,smartfit,SMARTFIT ESCOLA DE GINÁSTICA E DANÇA S.A.,SMFT3,Consumo Cíclico / Academias
2024-07-11,23.350000381469727,23.450000762939453,22.969999313354492,23.1200008392334,21.393104553222656,1052100,0.0,0.0,False,smartfit,SMARTFIT ESCOLA DE GINÁSTICA E DANÇA S.A.,SMFT3,Consumo Cíclico / Academias
2024-07-12,23.059999465942383,23.239999771118164,22.8799991607666,22.969999313354492,21.254304885864258,1388000,0.0,0.0,False,smartfit,SMARTFIT ESCOLA DE GINÁSTICA E DANÇA S.A.,SMFT3,Consumo Cíclico / Academias
2024-07-15,22.950000762939453,23.219999313354492,22.729999542236328,23.020000457763672,21.300573348999023,1123200,0.0,0.0,False,smartfit,SMARTFIT ESCOLA DE GINÁSTICA E DANÇA S.A.,SMFT3,Consumo Cíclico / Academias
2024-07-16,23.0,23.600000381469727,22.75,22.75,21.050735473632812,17066600,0.0,0.0,False,smartfit,SMARTFIT ESCOLA DE GINÁSTICA E DANÇA S.A.,SMFT3,Consumo Cíclico / Academias
2024-07-17,22.75,23.139999389648438,22.579999923706055,22.799999237060547,21.097002029418945,2501400,0.0,0.0,False,smartfit,SMARTFIT ESCOLA DE GINÁSTICA E DANÇA S.A.,SMFT3,Consumo Cíclico / Academias
2024-07-18,22.809999465942383,22.860000610351562,22.149999618530273,22.299999237060547,20.634347915649414,2102700,0.0,0.0,False,smartfit,SMARTFIT ESCOLA DE GINÁSTICA E DANÇA S.A.,SMFT3,Consumo Cíclico / Academias
2024-07-19,22.610000610351562,22.610000610351562,22.049999237060547,22.360000610351562,20.689868927001953,2036400,0.0,0.0,False,smartfit,SMARTFIT ESCOLA DE GINÁSTICA E DANÇA S.A.,SMFT3,Consumo Cíclico / Academias
2024-07-22,22.43000030517578,22.709999084472656,22.059999465942383,22.25,20.588085174560547,3864400,0.0,0.0,False,smartfit,SMARTFIT ESCOLA DE GINÁSTICA E DANÇA S.A.,SMFT3,Consumo Cíclico / Academias
2024-07-23,22.229999542236328,22.280000686645508,21.84000015258789,22.0,20.35675621032715,2133500,0.0,0.0,False,smartfit,SMARTFIT ESCOLA DE GINÁSTICA E DANÇA S.A.,SMFT3,Consumo Cíclico / Academias
2024-07-24,22.200000762939453,22.200000762939453,21.239999771118164,21.299999237060547,19.709043502807617,3279300,0.0,0.0,False,smartfit,SMARTFIT ESCOLA DE GINÁSTICA E DANÇA S.A.,SMFT3,Consumo Cíclico / Academias
2024-07-25,21.1299991607666,21.559999465942383,21.100000381469727,21.239999771118164,19.653522491455078,5031400,0.0,0.0,False,smartfit,SMARTFIT ESCOLA DE GINÁSTICA E DANÇA S.A.,SMFT3,Consumo Cíclico / Academias
2024-07-26,21.1299991607666,21.3799991607666,21.010000228881836,21.100000381469727,19.52398109436035,2180300,0.0,0.0,False,smartfit,SMARTFIT ESCOLA DE GINÁSTICA E DANÇA S.A.,SMFT3,Consumo Cíclico / Academias
2024-07-29,21.25,21.610000610351562,20.969999313354492,21.450000762939453,19.847837448120117,3001700,0.0,0.0,False,smartfit,SMARTFIT ESCOLA DE GINÁSTICA E DANÇA S.A.,SMFT3,Consumo Cíclico / Academias
2024-07-30,21.209999084472656,21.440000534057617,20.729999542236328,20.790000915527344,19.23713493347168,2114600,0.0,0.0,False,smartfit,SMARTFIT ESCOLA DE GINÁSTICA E DANÇA S.A.,SMFT3,Consumo Cíclico / Academias
2024-07-31,20.809999465942383,21.510000228881836,20.719999313354492,21.200000762939453,19.616514205932617,4048100,0.0,0.0,False,smartfit,SMARTFIT ESCOLA DE GINÁSTICA E DANÇA S.A.,SMFT3,Consumo Cíclico / Academias
2024-08-01,21.0,21.459999084472656,20.639999389648438,20.670000076293945,19.126096725463867,4248800,0.0,0.0,False,smartfit,SMARTFIT ESCOLA DE GINÁSTICA E DANÇA S.A.,SMFT3,Consumo Cíclico / Academias
2024-08-02,20.360000610351562,21.149999618530273,20.350000381469727,20.68000030517578,19.135351181030273,4224300,0.0,0.0,False,smartfit,SMARTFIT ESCOLA DE GINÁSTICA E DANÇA S.A.,SMFT3,Consumo Cíclico / Academias
2024-08-05,19.579999923706055,20.799999237060547,19.579999923706055,20.530000686645508,18.99655532836914,3544200,0.0,0.0,False,smartfit,SMARTFIT ESCOLA DE GINÁSTICA E DANÇA S.A.,SMFT3,Consumo Cíclico / Academias
2024-08-06,20.31999969482422,20.90999984741211,20.309999465942383,20.59000015258789,19.052072525024414,2144600,0.0,0.0,False,smartfit,SMARTFIT ESCOLA DE GINÁSTICA E DANÇA S.A.,SMFT3,Consumo Cíclico / Academias
2024-08-07,20.600000381469727,21.649999618530273,20.600000381469727,21.649999618530273,20.03289794921875,3026400,0.0,0.0,False,smartfit,SMARTFIT ESCOLA DE GINÁSTICA E DANÇA S.A.,SMFT3,Consumo Cíclico / Academias
2024-08-08,21.440000534057617,22.700000762939453,21.440000534057617,22.59000015258789,20.90268898010254,3706000,0.0,0.0,False,smartfit,SMARTFIT ESCOLA DE GINÁSTICA E DANÇA S.A.,SMFT3,Consumo Cíclico / Academias
2024-08-09,22.780000686645508,23.190000534057617,22.670000076293945,22.790000915527344,21.087751388549805,3321800,0.0,0.0,False,smartfit,SMARTFIT ESCOLA DE GINÁSTICA E DANÇA S.A.,SMFT3,Consumo Cíclico / Academias
2024-08-12,22.790000915527344,23.040000915527344,22.559999465942383,22.700000762939453,21.004472732543945,2018100,0.0,0.0,False,smartfit,SMARTFIT ESCOLA DE GINÁSTICA E DANÇA S.A.,SMFT3,Consumo Cíclico / Academias
2024-08-13,22.549999237060547,23.260000228881836,22.549999237060547,23.049999237060547,21.32832908630371,2540100,0.0,0.0,False,smartfit,SMARTFIT ESCOLA DE GINÁSTICA E DANÇA S.A.,SMFT3,Consumo Cíclico / Academias
2024-08-14,23.049999237060547,23.65999984741211,23.0,23.350000381469727,21.605926513671875,3520900,0.0,0.0,False,smartfit,SMARTFIT ESCOLA DE GINÁSTICA E DANÇA S.A.,SMFT3,Consumo Cíclico / Academias
2024-08-15,23.6200008392334,23.950000762939453,23.149999618530273,23.700000762939453,21.929780960083008,2901800,0.0,0.0,False,smartfit,SMARTFIT ESCOLA DE GINÁSTICA E DANÇA S.A.,SMFT3,Consumo Cíclico / Academias
2024-08-16,24.0,24.059999465942383,22.639999389648438,22.959999084472656,21.245052337646484,3800500,0.0,0.0,False,smartfit,SMARTFIT ESCOLA DE GINÁSTICA E DANÇA S.A.,SMFT3,Consumo Cíclico / Academias
2024-08-19,22.639999389648438,23.6200008392334,22.639999389648438,23.389999389648438,21.64293098449707,2588400,0.0,0.0,False,smartfit,SMARTFIT ESCOLA DE GINÁSTICA E DANÇA S.A.,SMFT3,Consumo Cíclico / Academias
2024-08-20,23.350000381469727,23.719999313354492,23.229999542236328,23.459999084472656,21.707704544067383,2578800,0.0,0.0,False,smartfit,SMARTFIT ESCOLA DE GINÁSTICA E DANÇA S.A.,SMFT3,Consumo Cíclico / Academias
2024-08-21,23.639999389648438,23.670000076293945,23.059999465942383,23.229999542236328,21.494884490966797,2983700,0.0,0.0,False,smartfit,SMARTFIT ESCOLA DE GINÁSTICA E DANÇA S.A.,SMFT3,Consumo Cíclico / Academias
2024-08-22,23.420000076293945,23.420000076293945,22.43000030517578,22.690000534057617,20.99521827697754,3725600,0.0,0.0,False,smartfit,SMARTFIT ESCOLA DE GINÁSTICA E DANÇA S.A.,SMFT3,Consumo Cíclico / Academias
2024-08-23,22.809999465942383,23.510000228881836,22.510000228881836,23.299999237060547,21.55965805053711,3108500,0.0,0.0,False,smartfit,SMARTFIT ESCOLA DE GINÁSTICA E DANÇA S.A.,SMFT3,Consumo Cíclico / Academias
2024-08-26,23.350000381469727,23.520000457763672,23.110000610351562,23.1200008392334,21.393104553222656,1106900,0.0,0.0,False,smartfit,SMARTFIT ESCOLA DE GINÁSTICA E DANÇA S.A.,SMFT3,Consumo Cíclico / Academias
2024-08-27,22.989999771118164,23.34000015258789,22.920000076293945,23.309999465942383,21.56890869140625,1728100,0.0,0.0,False,smartfit,SMARTFIT ESCOLA DE GINÁSTICA E DANÇA S.A.,SMFT3,Consumo Cíclico / Academias
2024-08-28,23.219999313354492,23.260000228881836,22.829999923706055,23.049999237060547,21.32832908630371,1600800,0.0,0.0,False,smartfit,SMARTFIT ESCOLA DE GINÁSTICA E DANÇA S.A.,SMFT3,Consumo Cíclico / Academias
2024-08-29,23.290000915527344,23.290000915527344,22.350000381469727,22.43000030517578,20.754636764526367,2075200,0.0,0.0,False,smartfit,SMARTFIT ESCOLA DE GINÁSTICA E DANÇA S.A.,SMFT3,Consumo Cíclico / Academias
2024-08-30,22.219999313354492,22.329999923706055,21.809999465942383,22.049999237060547,20.40302276611328,2829400,0.0,0.0,False,smartfit,SMARTFIT ESCOLA DE GINÁSTICA E DANÇA S.A.,SMFT3,Consumo Cíclico / Academias
2024-09-02,22.34000015258789,22.350000381469727,21.860000610351562,21.8700008392334,20.236467361450195,1798300,0.0,0.0,False,smartfit,SMARTFIT ESCOLA DE GINÁSTICA E DANÇA S.A.,SMFT3,Consumo Cíclico / Academias
2024-09-03,21.8700008392334,21.940000534057617,21.18000030517578,21.399999618530273,19.801572799682617,3692400,0.0,0.0,False,smartfit,SMARTFIT ESCOLA DE GINÁSTICA E DANÇA S.A.,SMFT3,Consumo Cíclico / Academias
2024-09-04,21.389999389648438,22.440000534057617,21.350000381469727,22.149999618530273,20.495553970336914,1652600,0.0,0.0,False,smartfit,SMARTFIT ESCOLA DE GINÁSTICA E DANÇA S.A.,SMFT3,Consumo Cíclico / Academias
2024-09-05,22.260000228881836,22.579999923706055,22.059999465942383,22.40999984741211,20.73613166809082,1788800,0.0,0.0,False,smartfit,SMARTFIT ESCOLA DE GINÁSTICA E DANÇA S.A.,SMFT3,Consumo Cíclico / Academias
2024-09-06,22.5,22.65999984741211,22.040000915527344,22.190000534057617,20.53256607055664,2115600,0.0,0.0,False,smartfit,SMARTFIT ESCOLA DE GINÁSTICA E DANÇA S.A.,SMFT3,Consumo Cíclico / Academias
2024-09-09,22.510000228881836,22.510000228881836,22.010000228881836,22.399999618530273,20.726877212524414,1001100,0.0,0.0,False,smartfit,SMARTFIT ESCOLA DE GINÁSTICA E DANÇA S.A.,SMFT3,Consumo Cíclico / Academias
2024-09-10,22.309999465942383,22.790000915527344,22.170000076293945,22.670000076293945,20.976715087890625,1915800,0.0,0.0,False,smartfit,SMARTFIT ESCOLA DE GINÁSTICA E DANÇA S.A.,SMFT3,Consumo Cíclico / Academias
2024-09-11,22.81999969482422,23.079999923706055,22.540000915527344,22.799999237060547,21.097002029418945,2086300,0.0,0.0,False,smartfit,SMARTFIT ESCOLA DE GINÁSTICA E DANÇA S.A.,SMFT3,Consumo Cíclico / Academias
2024-09-12,22.799999237060547,22.799999237060547,22.09000015258789,22.34000015258789,20.671363830566406,1498600,0.0,0.0,False,smartfit,SMARTFIT ESCOLA DE GINÁSTICA E DANÇA S.A.,SMFT3,Consumo Cíclico / Academias
2024-09-13,22.34000015258789,23.34000015258789,22.34000015258789,23.1200008392334,21.393104553222656,2804400,0.0,0.0,False,smartfit,SMARTFIT ESCOLA DE GINÁSTICA E DANÇA S.A.,SMFT3,Consumo Cíclico / Academias
2024-09-16,23.15999984741211,23.479999542236328,22.75,22.989999771118164,21.272809982299805,2535300,0.0,0.0,False,smartfit,SMARTFIT ESCOLA DE GINÁSTICA E DANÇA S.A.,SMFT3,Consumo Cíclico / Academias
2024-09-17,23.09000015258789,23.09000015258789,22.520000457763672,22.90999984741211,21.198789596557617,1907200,0.0,0.0,False,smartfit,SMARTFIT ESCOLA DE GINÁSTICA E DANÇA S.A.,SMFT3,Consumo Cíclico / Academias
2024-09-18,22.8799991607666,23.65999984741211,22.8799991607666,23.15999984741211,21.430112838745117,1676000,0.0,0.0,False,smartfit,SMARTFIT ESCOLA DE GINÁSTICA E DANÇA S.A.,SMFT3,Consumo Cíclico / Academias
2024-09-19,23.559999465942383,23.559999465942383,22.860000610351562,22.950000762939453,21.235795974731445,1894800,0.0,0.0,False,smartfit,SMARTFIT ESCOLA DE GINÁSTICA E DANÇA S.A.,SMFT3,Consumo Cíclico / Academias
2024-09-20,22.989999771118164,23.09000015258789,21.860000610351562,22.0,20.35675621032715,2511700,0.0,0.0,False,smartfit,SMARTFIT ESCOLA DE GINÁSTICA E DANÇA S.A.,SMFT3,Consumo Cíclico / Academias
2024-09-23,22.020000457763672,22.059999465942383,21.350000381469727,21.360000610351562,19.76456069946289,3654300,0.0,0.0,False,smartfit,SMARTFIT ESCOLA DE GINÁSTICA E DANÇA S.A.,SMFT3,Consumo Cíclico / Academias
2024-09-24,21.709999084472656,21.84000015258789,21.450000762939453,21.709999084472656,20.088417053222656,1284300,0.0,0.0,False,smartfit,SMARTFIT ESCOLA DE GINÁSTICA E DANÇA S.A.,SMFT3,Consumo Cíclico / Academias
2024-09-25,21.729999542236328,21.790000915527344,21.209999084472656,21.209999084472656,19.625762939453125,1141500,0.0,0.0,False,smartfit,SMARTFIT ESCOLA DE GINÁSTICA E DANÇA S.A.,SMFT3,Consumo Cíclico / Academias
2024-09-26,21.450000762939453,21.68000030517578,21.25,21.43000030517578,19.82933235168457,1383900,0.0,0.0,False,smartfit,SMARTFIT ESCOLA DE GINÁSTICA E DANÇA S.A.,SMFT3,Consumo Cíclico / Academias
2024-09-27,21.530000686645508,22.010000228881836,21.389999389648438,21.530000686645508,19.921863555908203,1716900,0.0,0.0,False,smartfit,SMARTFIT ESCOLA DE GINÁSTICA E DANÇA S.A.,SMFT3,Consumo Cíclico / Academias
2024-09-30,21.40999984741211,21.459999084472656,21.1200008392334,21.440000534057617,19.838586807250977,1858700,0.0,0.0,False,smartfit,SMARTFIT ESCOLA DE GINÁSTICA E DANÇA S.A.,SMFT3,Consumo Cíclico / Academias
2024-10-01,21.600000381469727,21.770000457763672,21.229999542236328,21.389999389648438,19.79231834411621,1120100,0.0,0.0,False,smartfit,SMARTFIT ESCOLA DE GINÁSTICA E DANÇA S.A.,SMFT3,Consumo Cíclico / Academias
2024-10-02,21.649999618530273,22.049999237060547,21.489999771118164,21.75,20.125431060791016,2018800,0.0,0.0,False,smartfit,SMARTFIT ESCOLA DE GINÁSTICA E DANÇA S.A.,SMFT3,Consumo Cíclico / Academias
2024-10-03,21.5,21.75,21.170000076293945,21.6299991607666,20.014394760131836,3018100,0.0,0.0,False,smartfit,SMARTFIT ESCOLA DE GINÁSTICA E DANÇA S.A.,SMFT3,Consumo Cíclico / Academias
2024-10-04,21.6299991607666,22.18000030517578,21.610000610351562,22.049999237060547,20.40302276611328,1264000,0.0,0.0,False,smartfit,SMARTFIT ESCOLA DE GINÁSTICA E DANÇA S.A.,SMFT3,Consumo Cíclico / Academias
2024-10-07,22.15999984741211,22.260000228881836,21.610000610351562,21.799999237060547,20.171695709228516,1525700,0.0,0.0,False,smartfit,SMARTFIT ESCOLA DE GINÁSTICA E DANÇA S.A.,SMFT3,Consumo Cíclico / Academias
2024-10-08,22.040000915527344,22.360000610351562,22.020000457763672,22.299999237060547,20.634347915649414,1148800,0.0,0.0,False,smartfit,SMARTFIT ESCOLA DE GINÁSTICA E DANÇA S.A.,SMFT3,Consumo Cíclico / Academias
2024-10-09,21.899999618530273,22.34000015258789,21.899999618530273,22.200000762939453,20.541820526123047,2063200,0.0,0.0,False,smartfit,SMARTFIT ESCOLA DE GINÁSTICA E DANÇA S.A.,SMFT3,Consumo Cíclico / Academias
2024-10-10,22.209999084472656,22.280000686645508,21.850000381469727,21.850000381469727,20.217958450317383,1301800,0.0,0.0,False,smartfit,SMARTFIT ESCOLA DE GINÁSTICA E DANÇA S.A.,SMFT3,Consumo Cíclico / Academias
2024-10-11,22.010000228881836,22.020000457763672,21.469999313354492,21.899999618530273,20.264225006103516,1153300,0.0,0.0,False,smartfit,SMARTFIT ESCOLA DE GINÁSTICA E DANÇA S.A.,SMFT3,Consumo Cíclico / Academias
2024-10-14,21.899999618530273,22.489999771118164,21.84000015258789,22.229999542236328,20.569576263427734,1606300,0.0,0.0,False,smartfit,SMARTFIT ESCOLA DE GINÁSTICA E DANÇA S.A.,SMFT3,Consumo Cíclico / Academias
2024-10-15,22.15999984741211,22.920000076293945,22.1200008392334,22.760000228881836,21.059993743896484,1909500,0.0,0.0,False,smartfit,SMARTFIT ESCOLA DE GINÁSTICA E DANÇA S.A.,SMFT3,Consumo Cíclico / Academias
2024-10-16,22.799999237060547,23.3799991607666,22.579999923706055,23.290000915527344,21.55040168762207,3154200,0.0,0.0,False,smartfit,SMARTFIT ESCOLA DE GINÁSTICA E DANÇA S.A.,SMFT3,Consumo Cíclico / Academias
2024-10-17,23.0,23.34000015258789,22.780000686645508,23.309999465942383,21.56890869140625,1446200,0.0,0.0,False,smartfit,SMARTFIT ESCOLA DE GINÁSTICA E DANÇA S.A.,SMFT3,Consumo Cíclico / Academias
2024-10-18,23.3799991607666,23.56999969482422,22.389999389648438,22.399999618530273,20.726877212524414,3068700,0.0,0.0,False,smartfit,SMARTFIT ESCOLA DE GINÁSTICA E DANÇA S.A.,SMFT3,Consumo Cíclico / Academias
2024-10-21,22.399999618530273,22.510000228881836,21.3799991607666,21.5,19.89410400390625,3035200,0.0,0.0,False,smartfit,SMARTFIT ESCOLA DE GINÁSTICA E DANÇA S.A.,SMFT3,Consumo Cíclico / Academias
2024-10-22,21.459999084472656,21.6299991607666,21.149999618530273,21.350000381469727,19.755308151245117,2048000,0.0,0.0,False,smartfit,SMARTFIT ESCOLA DE GINÁSTICA E DANÇA S.A.,SMFT3,Consumo Cíclico / Academias
2024-10-23,21.209999084472656,21.440000534057617,21.100000381469727,21.360000610351562,19.76456069946289,1546500,0.0,0.0,False,smartfit,SMARTFIT ESCOLA DE GINÁSTICA E DANÇA S.A.,SMFT3,Consumo Cíclico / Academias
2024-10-24,21.3799991607666,21.899999618530273,21.020000457763672,21.799999237060547,20.171695709228516,2409100,0.0,0.0,False,smartfit,SMARTFIT ESCOLA DE GINÁSTICA E DANÇA S.A.,SMFT3,Consumo Cíclico / Academias
2024-10-25,21.93000030517578,21.93000030517578,21.31999969482422,21.399999618530273,19.801572799682617,1161900,0.0,0.0,False,smartfit,SMARTFIT ESCOLA DE GINÁSTICA E DANÇA S.A.,SMFT3,Consumo Cíclico / Academias
2024-10-28,21.639999389648438,21.799999237060547,21.440000534057617,21.579999923706055,19.968130111694336,1207500,0.0,0.0,False,smartfit,SMARTFIT ESCOLA DE GINÁSTICA E DANÇA S.A.,SMFT3,Consumo Cíclico / Academias
2024-10-29,21.719999313354492,21.8799991607666,21.459999084472656,21.469999313354492,19.866344451904297,1204300,0.0,0.0,False,smartfit,SMARTFIT ESCOLA DE GINÁSTICA E DANÇA S.A.,SMFT3,Consumo Cíclico / Academias
2024-10-30,21.6200008392334,22.170000076293945,21.520000457763672,22.06999969482422,20.42152976989746,1617000,0.0,0.0,False,smartfit,SMARTFIT ESCOLA DE GINÁSTICA E DANÇA S.A.,SMFT3,Consumo Cíclico / Academias
2024-10-31,22.040000915527344,22.229999542236328,21.719999313354492,21.850000381469727,20.217958450317383,2089400,0.0,0.0,False,smartfit,SMARTFIT ESCOLA DE GINÁSTICA E DANÇA S.A.,SMFT3,Consumo Cíclico / Academias
2024-11-01,22.020000457763672,22.040000915527344,21.010000228881836,21.059999465942383,19.486967086791992,1484000,0.0,0.0,False,smartfit,SMARTFIT ESCOLA DE GINÁSTICA E DANÇA S.A.,SMFT3,Consumo Cíclico / Academias
2024-11-04,21.190000534057617,22.229999542236328,21.190000534057617,21.639999389648438,20.023643493652344,3102500,0.0,0.0,False,smartfit,SMARTFIT ESCOLA DE GINÁSTICA E DANÇA S.A.,SMFT3,Consumo Cíclico / Academias
2024-11-05,21.5,21.709999084472656,21.260000228881836,21.5,19.89410400390625,6257200,0.0,0.0,False,smartfit,SMARTFIT ESCOLA DE GINÁSTICA E DANÇA S.A.,SMFT3,Consumo Cíclico / Academias
2024-11-06,21.170000076293945,22.020000457763672,20.90999984741211,21.8700008392334,20.236467361450195,2039200,0.0,0.0,False,smartfit,SMARTFIT ESCOLA DE GINÁSTICA E DANÇA S.A.,SMFT3,Consumo Cíclico / Academias
2024-11-07,21.90999984741211,22.280000686645508,20.799999237060547,20.799999237060547,19.246387481689453,3912000,0.0,0.0,False,smartfit,SMARTFIT ESCOLA DE GINÁSTICA E DANÇA S.A.,SMFT3,Consumo Cíclico / Academias
2024-11-08,20.790000915527344,20.850000381469727,20.280000686645508,20.450000762939453,18.92253303527832,2543700,0.0,0.0,False,smartfit,SMARTFIT ESCOLA DE GINÁSTICA E DANÇA S.A.,SMFT3,Consumo Cíclico / Academias
2024-11-11,20.6200008392334,20.719999313354492,20.079999923706055,20.170000076293945,18.663442611694336,2960400,0.0,0.0,False,smartfit,SMARTFIT ESCOLA DE GINÁSTICA E DANÇA S.A.,SMFT3,Consumo Cíclico / Academias
2024-11-12,20.170000076293945,20.610000610351562,20.15999984741211,20.190000534057617,18.68195152282715,1884100,0.0,0.0,False,smartfit,SMARTFIT ESCOLA DE GINÁSTICA E DANÇA S.A.,SMFT3,Consumo Cíclico / Academias
2024-11-13,20.100000381469727,20.610000610351562,19.920000076293945,20.25,18.737468719482422,2484000,0.0,0.0,False,smartfit,SMARTFIT ESCOLA DE GINÁSTICA E DANÇA S.A.,SMFT3,Consumo Cíclico / Academias
2024-11-14,19.969999313354492,20.40999984741211,19.770000457763672,19.790000915527344,18.311830520629883,3600200,0.0,0.0,False,smartfit,SMARTFIT ESCOLA DE GINÁSTICA E DANÇA S.A.,SMFT3,Consumo Cíclico / Academias
2024-11-18,19.739999771118164,19.950000762939453,19.489999771118164,19.530000686645508,18.071250915527344,2075900,0.0,0.0,False,smartfit,SMARTFIT ESCOLA DE GINÁSTICA E DANÇA S.A.,SMFT3,Consumo Cíclico / Academias
2024-11-19,19.459999084472656,20.06999969482422,19.459999084472656,19.829999923706055,18.348838806152344,2143600,0.0,0.0,False,smartfit,SMARTFIT ESCOLA DE GINÁSTICA E DANÇA S.A.,SMFT3,Consumo Cíclico / Academias
2024-11-21,19.799999237060547,19.81999969482422,19.530000686645508,19.600000381469727,18.13602066040039,1251500,0.0,0.0,False,smartfit,SMARTFIT ESCOLA DE GINÁSTICA E DANÇA S.A.,SMFT3,Consumo Cíclico / Academias
2024-11-22,19.799999237060547,20.0,19.520000457763672,19.950000762939453,18.459877014160156,1129800,0.0,0.0,False,smartfit,SMARTFIT ESCOLA DE GINÁSTICA E DANÇA S.A.,SMFT3,Consumo Cíclico / Academias
2024-11-25,20.100000381469727,20.5,20.040000915527344,20.1299991607666,18.62643051147461,1766700,0.0,0.0,False,smartfit,SMARTFIT ESCOLA DE GINÁSTICA E DANÇA S.A.,SMFT3,Consumo Cíclico / Academias
2024-11-26,20.010000228881836,21.06999969482422,20.010000228881836,20.68000030517578,19.135351181030273,3692100,0.0,0.0,False,smartfit,SMARTFIT ESCOLA DE GINÁSTICA E DANÇA S.A.,SMFT3,Consumo Cíclico / Academias
2024-11-27,20.809999465942383,20.81999969482422,19.239999771118164,19.239999771118164,17.80290985107422,4009300,0.0,0.0,False,smartfit,SMARTFIT ESCOLA DE GINÁSTICA E DANÇA S.A.,SMFT3,Consumo Cíclico / Academias
2024-11-28,19.200000762939453,19.209999084472656,18.31999969482422,18.3700008392334,16.997894287109375,6535600,0.0,0.0,False,smartfit,SMARTFIT ESCOLA DE GINÁSTICA E DANÇA S.A.,SMFT3,Consumo Cíclico / Academias
2024-11-29,18.280000686645508,18.479999542236328,17.649999618530273,18.219999313354492,16.859094619750977,5207000,0.0,0.0,False,smartfit,SMARTFIT ESCOLA DE GINÁSTICA E DANÇA S.A.,SMFT3,Consumo Cíclico / Academias
2024-12-02,18.219999313354492,18.43000030517578,17.829999923706055,18.200000762939453,16.84058952331543,2249400,0.0,0.0,False,smartfit,SMARTFIT ESCOLA DE GINÁSTICA E DANÇA S.A.,SMFT3,Consumo Cíclico / Academias
2024-12-03,18.219999313354492,18.56999969482422,18.100000381469727,18.450000762939453,17.071916580200195,2105000,0.0,0.0,False,smartfit,SMARTFIT ESCOLA DE GINÁSTICA E DANÇA S.A.,SMFT3,Consumo Cíclico / Academias
2024-12-04,18.639999389648438,18.639999389648438,17.8799991607666,18.139999389648438,16.785072326660156,3109400,0.0,0.0,False,smartfit,SMARTFIT ESCOLA DE GINÁSTICA E DANÇA S.A.,SMFT3,Consumo Cíclico / Academias
2024-12-05,18.200000762939453,19.1299991607666,18.200000762939453,18.690000534057617,17.293989181518555,2327200,0.0,0.0,False,smartfit,SMARTFIT ESCOLA DE GINÁSTICA E DANÇA S.A.,SMFT3,Consumo Cíclico / Academias
2024-12-06,18.780000686645508,18.8700008392334,18.209999084472656,18.43000030517578,17.053407669067383,3203900,0.0,0.0,False,smartfit,SMARTFIT ESCOLA DE GINÁSTICA E DANÇA S.A.,SMFT3,Consumo Cíclico / Academias
2024-12-09,18.479999542236328,18.690000534057617,18.139999389648438,18.25,16.88685417175293,1815000,0.0,0.0,False,smartfit,SMARTFIT ESCOLA DE GINÁSTICA E DANÇA S.A.,SMFT3,Consumo Cíclico / Academias
2024-12-10,18.440000534057617,18.920000076293945,18.290000915527344,18.799999237060547,17.395774841308594,1490700,0.0,0.0,False,smartfit,SMARTFIT ESCOLA DE GINÁSTICA E DANÇA S.A.,SMFT3,Consumo Cíclico / Academias
2024-12-11,19.0,19.950000762939453,18.760000228881836,19.399999618530273,17.950956344604492,2903800,0.0,0.0,False,smartfit,SMARTFIT ESCOLA DE GINÁSTICA E DANÇA S.A.,SMFT3,Consumo Cíclico / Academias
2024-12-12,19.239999771118164,19.299999237060547,18.639999389648438,18.700000762939453,17.303245544433594,3748700,0.0,0.0,False,smartfit,SMARTFIT ESCOLA DE GINÁSTICA E DANÇA S.A.,SMFT3,Consumo Cíclico / Academias
2024-12-13,18.700000762939453,19.399999618530273,18.530000686645508,18.549999237060547,17.164443969726562,3233900,0.0,0.0,False,smartfit,SMARTFIT ESCOLA DE GINÁSTICA E DANÇA S.A.,SMFT3,Consumo Cíclico / Academias
2024-12-16,18.139999389648438,18.3799991607666,17.809999465942383,17.899999618530273,16.963716506958008,2865500,0.438188,0.0,False,smartfit,SMARTFIT ESCOLA DE GINÁSTICA E DANÇA S.A.,SMFT3,Consumo Cíclico / Academias
2024-12-17,18.0,18.309999465942383,17.610000610351562,17.850000381469727,16.91632843017578,3658800,0.0,0.0,False,smartfit,SMARTFIT ESCOLA DE GINÁSTICA E DANÇA S.A.,SMFT3,Consumo Cíclico / Academias
2024-12-18,17.709999084472656,17.889999389648438,16.93000030517578,16.969999313354492,16.082359313964844,3355800,0.0,0.0,False,smartfit,SMARTFIT ESCOLA DE GINÁSTICA E DANÇA S.A.,SMFT3,Consumo Cíclico / Academias
2024-12-19,16.899999618530273,17.81999969482422,16.84000015258789,17.670000076293945,16.745744705200195,4039300,0.0,0.0,False,smartfit,SMARTFIT ESCOLA DE GINÁSTICA E DANÇA S.A.,SMFT3,Consumo Cíclico / Academias
2024-12-20,17.790000915527344,18.329999923706055,17.360000610351562,18.15999984741211,17.210115432739258,2868900,0.0,0.0,False,smartfit,SMARTFIT ESCOLA DE GINÁSTICA E DANÇA S.A.,SMFT3,Consumo Cíclico / Academias
2024-12-23,18.049999237060547,18.09000015258789,17.190000534057617,17.190000534057617,16.290849685668945,2719200,0.0,0.0,False,smartfit,SMARTFIT ESCOLA DE GINÁSTICA E DANÇA S.A.,SMFT3,Consumo Cíclico / Academias
2024-12-26,17.100000381469727,17.360000610351562,16.850000381469727,17.059999465942383,16.167652130126953,1915000,0.0,0.0,False,smartfit,SMARTFIT ESCOLA DE GINÁSTICA E DANÇA S.A.,SMFT3,Consumo Cíclico / Academias
2024-12-27,17.329999923706055,17.399999618530273,16.8700008392334,16.979999542236328,16.091835021972656,1498900,0.0,0.0,False,smartfit,SMARTFIT ESCOLA DE GINÁSTICA E DANÇA S.A.,SMFT3,Consumo Cíclico / Academias
2024-12-30,16.93000030517578,17.219999313354492,16.649999618530273,16.959999084472656,16.0728816986084,2443300,0.0,0.0,False,smartfit,SMARTFIT ESCOLA DE GINÁSTICA E DANÇA S.A.,SMFT3,Consumo Cíclico / Academias
2025-01-02,16.729999542236328,16.8799991607666,16.43000030517578,16.6299991607666,15.760141372680664,3426700,0.0,0.0,False,smartfit,SMARTFIT ESCOLA DE GINÁSTICA E DANÇA S.A.,SMFT3,Consumo Cíclico / Academias
2025-01-03,16.6299991607666,16.8799991607666,16.56999969482422,16.700000762939453,15.826482772827148,2019300,0.0,0.0,False,smartfit,SMARTFIT ESCOLA DE GINÁSTICA E DANÇA S.A.,SMFT3,Consumo Cíclico / Academias
2025-01-06,16.799999237060547,17.469999313354492,16.799999237060547,17.34000015258789,16.43300437927246,2851400,0.0,0.0,False,smartfit,SMARTFIT ESCOLA DE GINÁSTICA E DANÇA S.A.,SMFT3,Consumo Cíclico / Academias
2025-01-07,17.510000228881836,18.170000076293945,17.459999084472656,17.889999389648438,16.95423698425293,2718400,0.0,0.0,False,smartfit,SMARTFIT ESCOLA DE GINÁSTICA E DANÇA S.A.,SMFT3,Consumo Cíclico / Academias
2025-01-08,17.809999465942383,17.860000610351562,17.229999542236328,17.309999465942383,16.404577255249023,3016800,0.0,0.0,False,smartfit,SMARTFIT ESCOLA DE GINÁSTICA E DANÇA S.A.,SMFT3,Consumo Cíclico / Academias
2025-01-09,17.290000915527344,17.760000228881836,17.260000228881836,17.489999771118164,16.575159072875977,1765800,0.0,0.0,False,smartfit,SMARTFIT ESCOLA DE GINÁSTICA E DANÇA S.A.,SMFT3,Consumo Cíclico / Academias
2025-01-10,17.5,17.829999923706055,17.270000457763672,17.5,16.584638595581055,1884900,0.0,0.0,False,smartfit,SMARTFIT ESCOLA DE GINÁSTICA E DANÇA S.A.,SMFT3,Consumo Cíclico / Academias
2025-01-13,17.540000915527344,17.549999237060547,17.280000686645508,17.350000381469727,16.44248390197754,1777400,0.0,0.0,False,smartfit,SMARTFIT ESCOLA DE GINÁSTICA E DANÇA S.A.,SMFT3,Consumo Cíclico / Academias
2025-01-14,17.350000381469727,17.84000015258789,17.170000076293945,17.700000762939453,16.7741756439209,1698200,0.0,0.0,False,smartfit,SMARTFIT ESCOLA DE GINÁSTICA E DANÇA S.A.,SMFT3,Consumo Cíclico / Academias
2025-01-15,17.75,18.600000381469727,17.75,18.399999618530273,17.43756103515625,3436700,0.0,0.0,False,smartfit,SMARTFIT ESCOLA DE GINÁSTICA E DANÇA S.A.,SMFT3,Consumo Cíclico / Academias
2025-01-16,18.389999389648438,18.440000534057617,17.920000076293945,17.959999084472656,17.02057647705078,2597100,0.0,0.0,False,smartfit,SMARTFIT ESCOLA DE GINÁSTICA E DANÇA S.A.,SMFT3,Consumo Cíclico / Academias
2025-01-17,17.959999084472656,18.190000534057617,17.739999771118164,17.90999984741211,16.97319221496582,2618000,0.0,0.0,False,smartfit,SMARTFIT ESCOLA DE GINÁSTICA E DANÇA S.A.,SMFT3,Consumo Cíclico / Academias
2025-01-20,17.81999969482422,18.420000076293945,17.739999771118164,18.010000228881836,17.067960739135742,2390500,0.0,0.0,False,smartfit,SMARTFIT ESCOLA DE GINÁSTICA E DANÇA S.A.,SMFT3,Consumo Cíclico / Academias
2025-01-21,17.959999084472656,18.540000915527344,17.940000534057617,18.450000762939453,17.484947204589844,2886300,0.0,0.0,False,smartfit,SMARTFIT ESCOLA DE GINÁSTICA E DANÇA S.A.,SMFT3,Consumo Cíclico / Academias
2025-01-22,18.290000915527344,19.110000610351562,18.290000915527344,18.90999984741211,17.92088508605957,3574500,0.0,0.0,False,smartfit,SMARTFIT ESCOLA DE GINÁSTICA E DANÇA S.A.,SMFT3,Consumo Cíclico / Academias
2025-01-23,18.8799991607666,18.989999771118164,18.559999465942383,18.59000015258789,17.61762046813965,2659800,0.0,0.0,False,smartfit,SMARTFIT ESCOLA DE GINÁSTICA E DANÇA S.A.,SMFT3,Consumo Cíclico / Academias
2025-01-24,18.68000030517578,19.0,18.5,18.68000030517578,17.702913284301758,1261000,0.0,0.0,False,smartfit,SMARTFIT ESCOLA DE GINÁSTICA E DANÇA S.A.,SMFT3,Consumo Cíclico / Academias
2025-01-27,18.59000015258789,19.440000534057617,18.56999969482422,19.239999771118164,18.233623504638672,2261000,0.0,0.0,False,smartfit,SMARTFIT ESCOLA DE GINÁSTICA E DANÇA S.A.,SMFT3,Consumo Cíclico / Academias
2025-01-28,19.209999084472656,19.270000457763672,18.989999771118164,19.149999618530273,18.14832878112793,1828400,0.0,0.0,False,smartfit,SMARTFIT ESCOLA DE GINÁSTICA E DANÇA S.A.,SMFT3,Consumo Cíclico / Academias
2025-01-29,19.149999618530273,19.239999771118164,18.950000762939453,18.950000762939453,17.95879364013672,2501200,0.0,0.0,False,smartfit,SMARTFIT ESCOLA DE GINÁSTICA E DANÇA S.A.,SMFT3,Consumo Cíclico / Academias
2025-01-30,19.200000762939453,19.8799991607666,19.020000457763672,19.610000610351562,18.58426856994629,3101400,0.0,0.0,False,smartfit,SMARTFIT ESCOLA DE GINÁSTICA E DANÇA S.A.,SMFT3,Consumo Cíclico / Academias
2025-01-31,19.610000610351562,19.760000228881836,19.329999923706055,19.479999542236328,18.461069107055664,3542800,0.0,0.0,False,smartfit,SMARTFIT ESCOLA DE GINÁSTICA E DANÇA S.A.,SMFT3,Consumo Cíclico / Academias
2025-02-03,19.770000457763672,20.0,19.350000381469727,19.6299991607666,18.603225708007812,2839900,0.0,0.0,False,smartfit,SMARTFIT ESCOLA DE GINÁSTICA E DANÇA S.A.,SMFT3,Consumo Cíclico / Academias
2025-02-04,19.56999969482422,19.670000076293945,19.190000534057617,19.450000762939453,18.432640075683594,2040700,0.0,0.0,False,smartfit,SMARTFIT ESCOLA DE GINÁSTICA E DANÇA S.A.,SMFT3,Consumo Cíclico / Academias
2025-02-05,19.5,19.549999237060547,18.959999084472656,19.18000030517578,18.176761627197266,1392700,0.0,0.0,False,smartfit,SMARTFIT ESCOLA DE GINÁSTICA E DANÇA S.A.,SMFT3,Consumo Cíclico / Academias
2025-02-06,19.149999618530273,19.479999542236328,19.020000457763672,19.290000915527344,18.281009674072266,1902300,0.0,0.0,False,smartfit,SMARTFIT ESCOLA DE GINÁSTICA E DANÇA S.A.,SMFT3,Consumo Cíclico / Academias
2025-02-07,19.489999771118164,19.489999771118164,18.149999618530273,18.3799991607666,17.418607711791992,5454600,0.0,0.0,False,smartfit,SMARTFIT ESCOLA DE GINÁSTICA E DANÇA S.A.,SMFT3,Consumo Cíclico / Academias
2025-02-10,18.399999618530273,18.739999771118164,17.739999771118164,17.770000457763672,16.840513229370117,6875000,0.0,0.0,False,smartfit,SMARTFIT ESCOLA DE GINÁSTICA E DANÇA S.A.,SMFT3,Consumo Cíclico / Academias
2025-02-11,17.719999313354492,18.65999984741211,17.3700008392334,18.6299991607666,17.65553092956543,4559500,0.0,0.0,False,smartfit,SMARTFIT ESCOLA DE GINÁSTICA E DANÇA S.A.,SMFT3,Consumo Cíclico / Academias
2025-02-12,18.540000915527344,18.729999542236328,18.09000015258789,18.559999465942383,17.58919334411621,3273600,0.0,0.0,False,smartfit,SMARTFIT ESCOLA DE GINÁSTICA E DANÇA S.A.,SMFT3,Consumo Cíclico / Academias
2025-02-13,18.559999465942383,18.670000076293945,18.329999923706055,18.600000381469727,17.627099990844727,3106500,0.0,0.0,False,smartfit,SMARTFIT ESCOLA DE GINÁSTICA E DANÇA S.A.,SMFT3,Consumo Cíclico / Academias
2025-02-14,18.59000015258789,19.440000534057617,18.559999465942383,19.3700008392334,18.35682487487793,3439400,0.0,0.0,False,smartfit,SMARTFIT ESCOLA DE GINÁSTICA E DANÇA S.A.,SMFT3,Consumo Cíclico / Academias
2025-02-17,19.459999084472656,20.31999969482422,19.270000457763672,19.899999618530273,18.859100341796875,4321600,0.0,0.0,False,smartfit,SMARTFIT ESCOLA DE GINÁSTICA E DANÇA S.A.,SMFT3,Consumo Cíclico / Academias
2025-02-18,19.889999389648438,20.040000915527344,19.520000457763672,19.829999923706055,18.792762756347656,4318800,0.0,0.0,False,smartfit,SMARTFIT ESCOLA DE GINÁSTICA E DANÇA S.A.,SMFT3,Consumo Cíclico / Academias
2025-02-19,19.8700008392334,19.889999389648438,19.25,19.549999237060547,18.52740478515625,2765500,0.0,0.0,False,smartfit,SMARTFIT ESCOLA DE GINÁSTICA E DANÇA S.A.,SMFT3,Consumo Cíclico / Academias
2025-02-20,19.600000381469727,19.780000686645508,19.299999237060547,19.690000534057617,18.66008758544922,1593100,0.0,0.0,False,smartfit,SMARTFIT ESCOLA DE GINÁSTICA E DANÇA S.A.,SMFT3,Consumo Cíclico / Academias
2025-02-21,19.790000915527344,19.799999237060547,19.299999237060547,19.440000534057617,18.42316246032715,3780000,0.0,0.0,False,smartfit,SMARTFIT ESCOLA DE GINÁSTICA E DANÇA S.A.,SMFT3,Consumo Cíclico / Academias
2025-02-24,19.420000076293945,19.549999237060547,18.520000457763672,18.65999984741211,17.6839599609375,3459300,0.0,0.0,False,smartfit,SMARTFIT ESCOLA DE GINÁSTICA E DANÇA S.A.,SMFT3,Consumo Cíclico / Academias
2025-02-25,18.639999389648438,18.700000762939453,18.31999969482422,18.510000228881836,17.541807174682617,2635100,0.0,0.0,False,smartfit,SMARTFIT ESCOLA DE GINÁSTICA E DANÇA S.A.,SMFT3,Consumo Cíclico / Academias
2025-02-26,18.739999771118164,18.739999771118164,18.010000228881836,18.149999618530273,17.200637817382812,2114200,0.0,0.0,False,smartfit,SMARTFIT ESCOLA DE GINÁSTICA E DANÇA S.A.,SMFT3,Consumo Cíclico / Academias
2025-02-27,18.049999237060547,18.299999237060547,17.979999542236328,18.170000076293945,17.219593048095703,2533000,0.0,0.0,False,smartfit,SMARTFIT ESCOLA DE GINÁSTICA E DANÇA S.A.,SMFT3,Consumo Cíclico / Academias
2025-02-28,18.239999771118164,18.3799991607666,17.530000686645508,17.84000015258789,16.906850814819336,7226000,0.0,0.0,False,smartfit,SMARTFIT ESCOLA DE GINÁSTICA E DANÇA S.A.,SMFT3,Consumo Cíclico / Academias
2025-03-05,17.6200008392334,18.010000228881836,17.510000228881836,17.969999313354492,17.030052185058594,2333800,0.0,0.0,False,smartfit,SMARTFIT ESCOLA DE GINÁSTICA E DANÇA S.A.,SMFT3,Consumo Cíclico / Academias
2025-03-06,17.969999313354492,18.639999389648438,17.959999084472656,18.389999389648438,17.428085327148438,2417800,0.0,0.0,False,smartfit,SMARTFIT ESCOLA DE GINÁSTICA E DANÇA S.A.,SMFT3,Consumo Cíclico / Academias
2025-03-07,18.3799991607666,19.09000015258789,18.1299991607666,18.920000076293945,17.93036460876465,2221500,0.0,0.0,False,smartfit,SMARTFIT ESCOLA DE GINÁSTICA E DANÇA S.A.,SMFT3,Consumo Cíclico / Academias
2025-03-10,18.84000015258789,19.030000686645508,18.649999618530273,18.799999237060547,17.816638946533203,2766800,0.0,0.0,False,smartfit,SMARTFIT ESCOLA DE GINÁSTICA E DANÇA S.A.,SMFT3,Consumo Cíclico / Academias
2025-03-11,18.700000762939453,19.079999923706055,18.700000762939453,18.979999542236328,17.987220764160156,2560100,0.0,0.0,False,smartfit,SMARTFIT ESCOLA DE GINÁSTICA E DANÇA S.A.,SMFT3,Consumo Cíclico / Academias
2025-03-12,18.899999618530273,19.299999237060547,18.860000610351562,19.1200008392334,18.11989974975586,2287500,0.0,0.0,False,smartfit,SMARTFIT ESCOLA DE GINÁSTICA E DANÇA S.A.,SMFT3,Consumo Cíclico / Academias
2025-03-13,19.040000915527344,19.479999542236328,18.479999542236328,19.299999237060547,18.290483474731445,3915200,0.0,0.0,False,smartfit,SMARTFIT ESCOLA DE GINÁSTICA E DANÇA S.A.,SMFT3,Consumo Cíclico / Academias
2025-03-14,19.350000381469727,20.040000915527344,19.290000915527344,19.700000762939453,18.66956329345703,3017900,0.0,0.0,False,smartfit,SMARTFIT ESCOLA DE GINÁSTICA E DANÇA S.A.,SMFT3,Consumo Cíclico / Academias
2025-03-17,19.93000030517578,20.31999969482422,19.6200008392334,19.989999771118164,18.944393157958984,2870500,0.0,0.0,False,smartfit,SMARTFIT ESCOLA DE GINÁSTICA E DANÇA S.A.,SMFT3,Consumo Cíclico / Academias
2025-03-18,19.899999618530273,20.229999542236328,19.739999771118164,19.93000030517578,18.887535095214844,1895900,0.0,0.0,False,smartfit,SMARTFIT ESCOLA DE GINÁSTICA E DANÇA S.A.,SMFT3,Consumo Cíclico / Academias
2025-03-19,20.0,20.969999313354492,19.90999984741211,20.649999618530273,19.569868087768555,4562600,0.0,0.0,False,smartfit,SMARTFIT ESCOLA DE GINÁSTICA E DANÇA S.A.,SMFT3,Consumo Cíclico / Academias
2025-03-20,20.530000686645508,21.079999923706055,20.489999771118164,20.579999923706055,19.50353240966797,2998800,0.0,0.0,False,smartfit,SMARTFIT ESCOLA DE GINÁSTICA E DANÇA S.A.,SMFT3,Consumo Cíclico / Academias
2025-03-21,20.530000686645508,20.90999984741211,20.489999771118164,20.530000686645508,19.45615005493164,4183300,0.0,0.0,False,smartfit,SMARTFIT ESCOLA DE GINÁSTICA E DANÇA S.A.,SMFT3,Consumo Cíclico / Academias
2025-03-24,20.540000915527344,20.93000030517578,20.420000076293945,20.5,19.427717208862305,2578700,0.0,0.0,False,smartfit,SMARTFIT ESCOLA DE GINÁSTICA E DANÇA S.A.,SMFT3,Consumo Cíclico / Academias
2025-03-25,20.469999313354492,21.309999465942383,20.469999313354492,20.799999237060547,19.776229858398438,3366500,0.066555,0.0,False,smartfit,SMARTFIT ESCOLA DE GINÁSTICA E DANÇA S.A.,SMFT3,Consumo Cíclico / Academias
2025-03-26,20.8799991607666,21.170000076293945,20.700000762939453,20.760000228881836,19.738201141357422,1874900,0.0,0.0,False,smartfit,SMARTFIT ESCOLA DE GINÁSTICA E DANÇA S.A.,SMFT3,Consumo Cíclico / Academias
2025-03-27,20.84000015258789,21.459999084472656,20.649999618530273,21.3700008392334,20.318178176879883,4015200,0.0,0.0,False,smartfit,SMARTFIT ESCOLA DE GINÁSTICA E DANÇA S.A.,SMFT3,Consumo Cíclico / Academias
2025-03-28,21.3700008392334,21.59000015258789,21.09000015258789,21.350000381469727,20.29916000366211,4761400,0.0,0.0,False,smartfit,SMARTFIT ESCOLA DE GINÁSTICA E DANÇA S.A.,SMFT3,Consumo Cíclico / Academias
2025-03-31,21.309999465942383,21.5,20.420000076293945,20.420000076293945,19.414936065673828,3627000,0.0,0.0,False,smartfit,SMARTFIT ESCOLA DE GINÁSTICA E DANÇA S.A.,SMFT3,Consumo Cíclico / Academias
2025-04-01,20.56999969482422,20.969999313354492,20.280000686645508,20.59000015258789,19.576568603515625,2643400,0.0,0.0,False,smartfit,SMARTFIT ESCOLA DE GINÁSTICA E DANÇA S.A.,SMFT3,Consumo Cíclico / Academias
2025-04-02,20.520000457763672,21.0,20.5,20.790000915527344,19.7667236328125,1726800,0.0,0.0,False,smartfit,SMARTFIT ESCOLA DE GINÁSTICA E DANÇA S.A.,SMFT3,Consumo Cíclico / Academias
2025-04-03,20.790000915527344,21.360000610351562,20.68000030517578,21.1299991607666,20.08998680114746,4950900,0.0,0.0,False,smartfit,SMARTFIT ESCOLA DE GINÁSTICA E DANÇA S.A.,SMFT3,Consumo Cíclico / Academias
2025-04-04,20.760000228881836,20.760000228881836,19.959999084472656,20.200000762939453,19.20576286315918,3052000,0.0,0.0,False,smartfit,SMARTFIT ESCOLA DE GINÁSTICA E DANÇA S.A.,SMFT3,Consumo Cíclico / Academias
2025-04-07,19.719999313354492,20.610000610351562,19.520000457763672,20.18000030517578,19.186748504638672,2737500,0.0,0.0,False,smartfit,SMARTFIT ESCOLA DE GINÁSTICA E DANÇA S.A.,SMFT3,Consumo Cíclico / Academias
2025-04-08,20.219999313354492,20.90999984741211,20.219999313354492,20.329999923706055,19.329364776611328,2902900,0.0,0.0,False,smartfit,SMARTFIT ESCOLA DE GINÁSTICA E DANÇA S.A.,SMFT3,Consumo Cíclico / Academias
2025-04-09,20.100000381469727,21.389999389648438,19.959999084472656,20.81999969482422,19.795249938964844,4287700,0.0,0.0,False,smartfit,SMARTFIT ESCOLA DE GINÁSTICA E DANÇA S.A.,SMFT3,Consumo Cíclico / Academias
2025-04-10,20.690000534057617,21.139999389648438,20.59000015258789,20.850000381469727,19.823772430419922,4838500,0.0,0.0,False,smartfit,SMARTFIT ESCOLA DE GINÁSTICA E DANÇA S.A.,SMFT3,Consumo Cíclico / Academias
2025-04-11,21.059999465942383,21.75,20.959999084472656,21.610000610351562,20.54636573791504,4486600,0.0,0.0,False,smartfit,SMARTFIT ESCOLA DE GINÁSTICA E DANÇA S.A.,SMFT3,Consumo Cíclico / Academias
2025-04-14,21.889999389648438,22.299999237060547,21.84000015258789,22.059999465942383,20.974212646484375,4406900,0.0,0.0,False,smartfit,SMARTFIT ESCOLA DE GINÁSTICA E DANÇA S.A.,SMFT3,Consumo Cíclico / Academias
2025-04-15,21.809999465942383,22.34000015258789,21.809999465942383,22.18000030517578,21.08831024169922,2621100,0.0,0.0,False,smartfit,SMARTFIT ESCOLA DE GINÁSTICA E DANÇA S.A.,SMFT3,Consumo Cíclico / Academias
2025-04-16,21.959999084472656,22.65999984741211,21.959999084472656,22.399999618530273,21.2974796295166,2814700,0.0,0.0,False,smartfit,SMARTFIT ESCOLA DE GINÁSTICA E DANÇA S.A.,SMFT3,Consumo Cíclico / Academias
2025-04-17,22.440000534057617,23.100000381469727,22.40999984741211,23.100000381469727,21.96302604675293,3187700,0.0,0.0,False,smartfit,SMARTFIT ESCOLA DE GINÁSTICA E DANÇA S.A.,SMFT3,Consumo Cíclico / Academias
2025-04-22,22.989999771118164,23.6299991607666,22.90999984741211,23.25,22.10564422607422,4418400,0.0,0.0,False,smartfit,SMARTFIT ESCOLA DE GINÁSTICA E DANÇA S.A.,SMFT3,Consumo Cíclico / Academias
2025-04-23,23.6200008392334,23.709999084472656,23.420000076293945,23.59000015258789,22.42890739440918,3160500,0.0,0.0,False,smartfit,SMARTFIT ESCOLA DE GINÁSTICA E DANÇA S.A.,SMFT3,Consumo Cíclico / Academias
2025-04-24,23.520000457763672,24.40999984741211,23.520000457763672,24.18000030517578,22.9898681640625,4275800,0.0,0.0,False,smartfit,SMARTFIT ESCOLA DE GINÁSTICA E DANÇA S.A.,SMFT3,Consumo Cíclico / Academias
2025-04-25,24.239999771118164,24.280000686645508,23.729999542236328,24.139999389648438,22.95183753967285,2827600,0.0,0.0,False,smartfit,SMARTFIT ESCOLA DE GINÁSTICA E DANÇA S.A.,SMFT3,Consumo Cíclico / Academias
2025-04-28,24.06999969482422,24.559999465942383,23.989999771118164,24.399999618530273,23.199039459228516,2643300,0.0,0.0,False,smartfit,SMARTFIT ESCOLA DE GINÁSTICA E DANÇA S.A.,SMFT3,Consumo Cíclico / Academias
2025-04-29,24.540000915527344,24.8799991607666,24.389999389648438,24.520000457763672,23.313135147094727,4254300,0.0,0.0,False,smartfit,SMARTFIT ESCOLA DE GINÁSTICA E DANÇA S.A.,SMFT3,Consumo Cíclico / Academias
2025-04-30,24.3700008392334,24.639999389648438,24.170000076293945,24.450000762939453,23.246580123901367,6348600,0.0,0.0,False,smartfit,SMARTFIT ESCOLA DE GINÁSTICA E DANÇA S.A.,SMFT3,Consumo Cíclico / Academias
2025-05-02,24.459999084472656,24.579999923706055,23.959999084472656,24.079999923706055,22.894792556762695,12904500,0.0,0.0,False,smartfit,SMARTFIT ESCOLA DE GINÁSTICA E DANÇA S.A.,SMFT3,Consumo Cíclico / Academias
2025-05-05,24.280000686645508,24.579999923706055,23.959999084472656,24.25,23.056425094604492,8063600,0.0,0.0,False,smartfit,SMARTFIT ESCOLA DE GINÁSTICA E DANÇA S.A.,SMFT3,Consumo Cíclico / Academias
2025-05-06,24.34000015258789,24.5,23.219999313354492,23.469999313354492,22.31481170654297,7668800,0.0,0.0,False,smartfit,SMARTFIT ESCOLA DE GINÁSTICA E DANÇA S.A.,SMFT3,Consumo Cíclico / Academias
2025-05-07,23.600000381469727,23.68000030517578,22.899999618530273,23.559999465942383,22.40038299560547,4262300,0.0,0.0,False,smartfit,SMARTFIT ESCOLA DE GINÁSTICA E DANÇA S.A.,SMFT3,Consumo Cíclico / Academias
2025-05-08,22.850000381469727,23.940000534057617,22.459999084472656,23.3700008392334,22.219736099243164,8236100,0.0,0.0,False,smartfit,SMARTFIT ESCOLA DE GINÁSTICA E DANÇA S.A.,SMFT3,Consumo Cíclico / Academias
2025-05-09,22.329999923706055,22.579999923706055,22.059999465942383,22.260000228881836,21.164369583129883,121193800,0.0,0.0,False,smartfit,SMARTFIT ESCOLA DE GINÁSTICA E DANÇA S.A.,SMFT3,Consumo Cíclico / Academias
2025-05-12,22.299999237060547,22.469999313354492,21.950000762939453,22.200000762939453,21.107324600219727,8764100,0.0,0.0,False,smartfit,SMARTFIT ESCOLA DE GINÁSTICA E DANÇA S.A.,SMFT3,Consumo Cíclico / Academias
2025-05-13,22.280000686645508,22.899999618530273,22.25,22.600000381469727,21.487638473510742,17299700,0.0,0.0,False,smartfit,SMARTFIT ESCOLA DE GINÁSTICA E DANÇA S.A.,SMFT3,Consumo Cíclico / Academias
2025-05-14,22.610000610351562,22.84000015258789,22.25,22.360000610351562,21.259449005126953,15198800,0.0,0.0,False,smartfit,SMARTFIT ESCOLA DE GINÁSTICA E DANÇA S.A.,SMFT3,Consumo Cíclico / Academias
2025-05-15,22.510000228881836,23.350000381469727,22.489999771118164,22.950000762939453,21.820409774780273,8082700,0.0,0.0,False,smartfit,SMARTFIT ESCOLA DE GINÁSTICA E DANÇA S.A.,SMFT3,Consumo Cíclico / Academias
2025-05-16,22.809999465942383,23.260000228881836,22.579999923706055,23.229999542236328,22.086627960205078,6342300,0.0,0.0,False,smartfit,SMARTFIT ESCOLA DE GINÁSTICA E DANÇA S.A.,SMFT3,Consumo Cíclico / Academias
2025-05-19,23.170000076293945,23.950000762939453,22.8700008392334,23.780000686645508,22.60955810546875,7021300,0.0,0.0,False,smartfit,SMARTFIT ESCOLA DE GINÁSTICA E DANÇA S.A.,SMFT3,Consumo Cíclico / Academias
2025-05-20,23.649999618530273,24.049999237060547,23.479999542236328,24.049999237060547,22.86626434326172,2942300,0.0,0.0,False,smartfit,SMARTFIT ESCOLA DE GINÁSTICA E DANÇA S.A.,SMFT3,Consumo Cíclico / Academias
2025-05-21,24.149999618530273,24.149999618530273,23.010000228881836,23.040000915527344,21.905981063842773,5507200,0.0,0.0,False,smartfit,SMARTFIT ESCOLA DE GINÁSTICA E DANÇA S.A.,SMFT3,Consumo Cíclico / Academias
2025-05-22,22.90999984741211,23.420000076293945,22.809999465942383,23.139999389648438,22.001056671142578,4549700,0.0,0.0,False,smartfit,SMARTFIT ESCOLA DE GINÁSTICA E DANÇA S.A.,SMFT3,Consumo Cíclico / Academias
2025-05-23,22.6200008392334,23.280000686645508,22.209999084472656,23.280000686645508,22.134166717529297,3539600,0.0,0.0,False,smartfit,SMARTFIT ESCOLA DE GINÁSTICA E DANÇA S.A.,SMFT3,Consumo Cíclico / Academias
2025-05-26,23.200000762939453,23.84000015258789,23.200000762939453,23.579999923706055,22.41939926147461,2956900,0.0,0.0,False,smartfit,SMARTFIT ESCOLA DE GINÁSTICA E DANÇA S.A.,SMFT3,Consumo Cíclico / Academias
2025-05-27,24.270000457763672,24.729999542236328,24.049999237060547,24.559999465942383,23.351165771484375,6501400,0.0,0.0,False,smartfit,SMARTFIT ESCOLA DE GINÁSTICA E DANÇA S.A.,SMFT3,Consumo Cíclico / Academias
2025-05-28,24.68000030517578,24.68000030517578,24.100000381469727,24.299999237060547,23.103961944580078,4006500,0.0,0.0,False,smartfit,SMARTFIT ESCOLA DE GINÁSTICA E DANÇA S.A.,SMFT3,Consumo Cíclico / Academias
2025-05-29,24.149999618530273,24.399999618530273,23.770000457763672,23.93000030517578,22.752174377441406,3062400,0.0,0.0,False,smartfit,SMARTFIT ESCOLA DE GINÁSTICA E DANÇA S.A.,SMFT3,Consumo Cíclico / Academias
2025-05-30,23.920000076293945,24.010000228881836,23.3799991607666,24.010000228881836,22.828237533569336,4938500,0.0,0.0,False,smartfit,SMARTFIT ESCOLA DE GINÁSTICA E DANÇA S.A.,SMFT3,Consumo Cíclico / Academias
2025-06-02,24.270000457763672,24.420000076293945,23.90999984741211,24.25,23.056425094604492,3498200,0.0,0.0,False,smartfit,SMARTFIT ESCOLA DE GINÁSTICA E DANÇA S.A.,SMFT3,Consumo Cíclico / Academias
2025-06-03,24.139999389648438,24.989999771118164,24.059999465942383,24.829999923706055,23.60787582397461,3507800,0.0,0.0,False,smartfit,SMARTFIT ESCOLA DE GINÁSTICA E DANÇA S.A.,SMFT3,Consumo Cíclico / Academias
2025-06-04,24.989999771118164,25.389999389648438,24.899999618530273,24.93000030517578,23.70295524597168,4436900,0.0,0.0,False,smartfit,SMARTFIT ESCOLA DE GINÁSTICA E DANÇA S.A.,SMFT3,Consumo Cíclico / Academias
2025-06-05,24.989999771118164,25.149999618530273,24.729999542236328,24.899999618530273,23.674428939819336,3312800,0.0,0.0,False,smartfit,SMARTFIT ESCOLA DE GINÁSTICA E DANÇA S.A.,SMFT3,Consumo Cíclico / Academias
2025-06-06,24.700000762939453,24.84000015258789,23.989999771118164,24.309999465942383,23.11347007751465,4515500,0.0,0.0,False,smartfit,SMARTFIT ESCOLA DE GINÁSTICA E DANÇA S.A.,SMFT3,Consumo Cíclico / Academias
2025-06-09,24.3700008392334,24.389999389648438,23.809999465942383,24.25,23.056425094604492,2375600,0.0,0.0,False,smartfit,SMARTFIT ESCOLA DE GINÁSTICA E DANÇA S.A.,SMFT3,Consumo Cíclico / Academias
2025-06-10,24.420000076293945,24.889999389648438,24.399999618530273,24.600000381469727,23.389196395874023,2833900,0.0,0.0,False,smartfit,SMARTFIT ESCOLA DE GINÁSTICA E DANÇA S.A.,SMFT3,Consumo Cíclico / Academias
2025-06-11,24.600000381469727,24.770000457763672,24.229999542236328,24.450000762939453,23.246580123901367,4801300,0.0,0.0,False,smartfit,SMARTFIT ESCOLA DE GINÁSTICA E DANÇA S.A.,SMFT3,Consumo Cíclico / Academias
2025-06-12,24.1299991607666,24.729999542236328,24.100000381469727,24.709999084472656,23.49378204345703,2206500,0.0,0.0,False,smartfit,SMARTFIT ESCOLA DE GINÁSTICA E DANÇA S.A.,SMFT3,Consumo Cíclico / Academias
2025-06-13,24.559999465942383,24.559999465942383,24.06999969482422,24.170000076293945,22.98036003112793,3165700,0.0,0.0,False,smartfit,SMARTFIT ESCOLA DE GINÁSTICA E DANÇA S.A.,SMFT3,Consumo Cíclico / Academias
2025-06-16,24.450000762939453,24.770000457763672,24.15999984741211,24.440000534057617,23.30123519897461,4330300,0.066555,0.0,False,smartfit,SMARTFIT ESCOLA DE GINÁSTICA E DANÇA S.A.,SMFT3,Consumo Cíclico / Academias
2025-06-17,24.56999969482422,24.700000762939453,23.860000610351562,24.170000076293945,23.043813705444336,2740000,0.0,0.0,False,smartfit,SMARTFIT ESCOLA DE GINÁSTICA E DANÇA S.A.,SMFT3,Consumo Cíclico / Academias
2025-06-18,24.56999969482422,24.700000762939453,23.780000686645508,24.229999542236328,23.10101890563965,3506400,0.0,0.0,False,smartfit,SMARTFIT ESCOLA DE GINÁSTICA E DANÇA S.A.,SMFT3,Consumo Cíclico / Academias
2025-06-20,23.920000076293945,24.049999237060547,23.639999389648438,23.90999984741211,22.795930862426758,12061100,0.0,0.0,False,smartfit,SMARTFIT ESCOLA DE GINÁSTICA E DANÇA S.A.,SMFT3,Consumo Cíclico / Academias
2025-06-23,24.0,24.059999465942383,23.56999969482422,23.829999923706055,22.71965789794922,3297800,0.0,0.0,False,smartfit,SMARTFIT ESCOLA DE GINÁSTICA E DANÇA S.A.,SMFT3,Consumo Cíclico / Academias
2025-06-24,23.829999923706055,24.540000915527344,23.829999923706055,24.420000076293945,23.28216552734375,5004300,0.0,0.0,False,smartfit,SMARTFIT ESCOLA DE GINÁSTICA E DANÇA S.A.,SMFT3,Consumo Cíclico / Academias
2025-06-25,24.09000015258789,24.3700008392334,23.899999618530273,24.18000030517578,23.053348541259766,3253900,0.0,0.0,False,smartfit,SMARTFIT ESCOLA DE GINÁSTICA E DANÇA S.A.,SMFT3,Consumo Cíclico / Academias
2025-06-26,24.1200008392334,24.90999984741211,24.1200008392334,24.809999465942383,23.653993606567383,2881500,0.0,0.0,False,smartfit,SMARTFIT ESCOLA DE GINÁSTICA E DANÇA S.A.,SMFT3,Consumo Cíclico / Academias
2025-06-27,24.459999084472656,24.770000457763672,24.209999084472656,24.290000915527344,23.158226013183594,2314000,0.0,0.0,False,smartfit,SMARTFIT ESCOLA DE GINÁSTICA E DANÇA S.A.,SMFT3,Consumo Cíclico / Academias
2025-06-30,24.200000762939453,24.84000015258789,24.200000762939453,24.84000015258789,23.682598114013672,2068200,0.0,0.0,False,smartfit,SMARTFIT ESCOLA DE GINÁSTICA E DANÇA S.A.,SMFT3,Consumo Cíclico / Academias
2025-07-01,24.899999618530273,25.06999969482422,24.31999969482422,24.59000015258789,23.444246292114258,3734800,0.0,0.0,False,smartfit,SMARTFIT ESCOLA DE GINÁSTICA E DANÇA S.A.,SMFT3,Consumo Cíclico / Academias
2025-07-02,24.649999618530273,24.649999618530273,22.809999465942383,23.100000381469727,22.023670196533203,12482800,0.0,0.0,False,smartfit,SMARTFIT ESCOLA DE GINÁSTICA E DANÇA S.A.,SMFT3,Consumo Cíclico / Academias
2025-07-03,23.229999542236328,23.59000015258789,22.959999084472656,23.350000381469727,22.26202392578125,5539900,0.0,0.0,False,smartfit,SMARTFIT ESCOLA DE GINÁSTICA E DANÇA S.A.,SMFT3,Consumo Cíclico / Academias
2025-07-04,23.420000076293945,23.5,23.079999923706055,23.360000610351562,22.27155876159668,2685600,0.0,0.0,False,smartfit,SMARTFIT ESCOLA DE GINÁSTICA E DANÇA S.A.,SMFT3,Consumo Cíclico / Academias
2025-07-07,23.3799991607666,23.440000534057617,23.06999969482422,23.209999084472656,22.1285457611084,4006800,0.0,0.0,False,smartfit,SMARTFIT ESCOLA DE GINÁSTICA E DANÇA S.A.,SMFT3,Consumo Cíclico / Academias
2025-07-08,23.25,23.25,22.81999969482422,22.959999084472656,21.890193939208984,3054600,0.0,0.0,False,smartfit,SMARTFIT ESCOLA DE GINÁSTICA E DANÇA S.A.,SMFT3,Consumo Cíclico / Academias
2025-07-09,22.959999084472656,22.969999313354492,22.6299991607666,22.850000381469727,21.78531837463379,2549700,0.0,0.0,False,smartfit,SMARTFIT ESCOLA DE GINÁSTICA E DANÇA S.A.,SMFT3,Consumo Cíclico / Academias
2025-07-10,22.530000686645508,22.860000610351562,22.280000686645508,22.729999542236328,21.670907974243164,2937000,0.0,0.0,False,smartfit,SMARTFIT ESCOLA DE GINÁSTICA E DANÇA S.A.,SMFT3,Consumo Cíclico / Academias
2025-07-11,22.40999984741211,22.729999542236328,22.15999984741211,22.6200008392334,21.566036224365234,3920700,0.0,0.0,False,smartfit,SMARTFIT ESCOLA DE GINÁSTICA E DANÇA S.A.,SMFT3,Consumo Cíclico / Academias
2025-07-14,22.760000228881836,22.809999465942383,22.25,22.540000915527344,21.489765167236328,2830600,0.0,0.0,False,smartfit,SMARTFIT ESCOLA DE GINÁSTICA E DANÇA S.A.,SMFT3,Consumo Cíclico / Academias
2025-07-15,22.6200008392334,23.1200008392334,22.540000915527344,22.8799991607666,21.813919067382812,2732500,0.0,0.0,False,smartfit,SMARTFIT ESCOLA DE GINÁSTICA E DANÇA S.A.,SMFT3,Consumo Cíclico / Academias
2025-07-16,22.950000762939453,23.0,22.31999969482422,22.579999923706055,21.52789878845215,3089700,0.0,0.0,False,smartfit,SMARTFIT ESCOLA DE GINÁSTICA E DANÇA S.A.,SMFT3,Consumo Cíclico / Academias
2025-07-17,22.43000030517578,22.719999313354492,22.15999984741211,22.59000015258789,21.53743553161621,3473300,0.0,0.0,False,smartfit,SMARTFIT ESCOLA DE GINÁSTICA E DANÇA S.A.,SMFT3,Consumo Cíclico / Academias
2025-07-18,22.239999771118164,22.489999771118164,21.719999313354492,21.950000762939453,20.927257537841797,5280500,0.0,0.0,False,smartfit,SMARTFIT ESCOLA DE GINÁSTICA E DANÇA S.A.,SMFT3,Consumo Cíclico / Academias
2025-07-21,21.969999313354492,22.020000457763672,21.459999084472656,21.530000686645508,20.526823043823242,4782600,0.0,0.0,False,smartfit,SMARTFIT ESCOLA DE GINÁSTICA E DANÇA S.A.,SMFT3,Consumo Cíclico / Academias
2025-07-22,21.549999237060547,21.770000457763672,21.100000381469727,21.219999313354492,20.23126792907715,4759200,0.0,0.0,False,smartfit,SMARTFIT ESCOLA DE GINÁSTICA E DANÇA S.A.,SMFT3,Consumo Cíclico / Academias
2025-07-23,21.100000381469727,21.739999771118164,21.100000381469727,21.600000381469727,20.59356117248535,4217900,0.0,0.0,False,smartfit,SMARTFIT ESCOLA DE GINÁSTICA E DANÇA S.A.,SMFT3,Consumo Cíclico / Academias
2025-07-24,21.15999984741211,21.200000762939453,20.829999923706055,21.079999923706055,20.097789764404297,5576200,0.0,0.0,False,smartfit,SMARTFIT ESCOLA DE GINÁSTICA E DANÇA S.A.,SMFT3,Consumo Cíclico / Academias
2025-07-25,21.149999618530273,21.190000534057617,20.90999984741211,20.940000534057617,19.964313507080078,2639000,0.0,0.0,False,smartfit,SMARTFIT ESCOLA DE GINÁSTICA E DANÇA S.A.,SMFT3,Consumo Cíclico / Academias
2025-07-28,21.030000686645508,21.15999984741211,20.6200008392334,20.889999389648438,19.916643142700195,2920200,0.0,0.0,False,smartfit,SMARTFIT ESCOLA DE GINÁSTICA E DANÇA S.A.,SMFT3,Consumo Cíclico / Academias
2025-07-29,20.959999084472656,21.040000915527344,20.770000457763672,20.790000915527344,19.821304321289062,2529800,0.0,0.0,False,smartfit,SMARTFIT ESCOLA DE GINÁSTICA E DANÇA S.A.,SMFT3,Consumo Cíclico / Academias
2025-07-30,20.610000610351562,21.280000686645508,20.479999542236328,21.100000381469727,20.116859436035156,2535700,0.0,0.0,False,smartfit,SMARTFIT ESCOLA DE GINÁSTICA E DANÇA S.A.,SMFT3,Consumo Cíclico / Academias
2025-07-31,20.979999542236328,21.020000457763672,20.6200008392334,20.719999313354492,19.754566192626953,4994100,0.0,0.0,False,smartfit,SMARTFIT ESCOLA DE GINÁSTICA E DANÇA S.A.,SMFT3,Consumo Cíclico / Academias
2025-08-01,21.229999542236328,21.3700008392334,20.809999465942383,20.950000762939453,19.973848342895508,4693300,0.0,0.0,False,smartfit,SMARTFIT ESCOLA DE GINÁSTICA E DANÇA S.A.,SMFT3,Consumo Cíclico / Academias
2025-08-04,21.170000076293945,21.350000381469727,20.889999389648438,21.059999465942383,20.078723907470703,4195700,0.0,0.0,False,smartfit,SMARTFIT ESCOLA DE GINÁSTICA E DANÇA S.A.,SMFT3,Consumo Cíclico / Academias
2025-08-05,21.229999542236328,21.530000686645508,20.950000762939453,21.200000762939453,20.212202072143555,2161000,0.0,0.0,False,smartfit,SMARTFIT ESCOLA DE GINÁSTICA E DANÇA S.A.,SMFT3,Consumo Cíclico / Academias
2025-08-06,21.389999389648438,21.81999969482422,21.1299991607666,21.549999237060547,20.54589080810547,5043900,0.0,0.0,False,smartfit,SMARTFIT ESCOLA DE GINÁSTICA E DANÇA S.A.,SMFT3,Consumo Cíclico / Academias
2025-08-07,22.530000686645508,23.399999618530273,22.350000381469727,23.229999542236328,22.147613525390625,18127000,0.0,0.0,False,smartfit,SMARTFIT ESCOLA DE GINÁSTICA E DANÇA S.A.,SMFT3,Consumo Cíclico / Academias
2025-08-08,22.860000610351562,23.739999771118164,22.860000610351562,23.469999313354492,22.376428604125977,5511500,0.0,0.0,False,smartfit,SMARTFIT ESCOLA DE GINÁSTICA E DANÇA S.A.,SMFT3,Consumo Cíclico / Academias
2025-08-11,23.360000610351562,23.850000381469727,23.209999084472656,23.440000534057617,22.347829818725586,3897800,0.0,0.0,False,smartfit,SMARTFIT ESCOLA DE GINÁSTICA E DANÇA S.A.,SMFT3,Consumo Cíclico / Academias
2025-08-12,23.540000915527344,23.920000076293945,23.389999389648438,23.700000762939453,22.59571647644043,2194600,0.0,0.0,False,smartfit,SMARTFIT ESCOLA DE GINÁSTICA E DANÇA S.A.,SMFT3,Consumo Cíclico / Academias
2025-08-13,23.709999084472656,23.84000015258789,22.8799991607666,22.920000076293945,21.8520565032959,3092100,0.0,0.0,False,smartfit,SMARTFIT ESCOLA DE GINÁSTICA E DANÇA S.A.,SMFT3,Consumo Cíclico / Academias
2025-08-14,22.760000228881836,23.6299991607666,22.729999542236328,23.360000610351562,22.27155876159668,3845700,0.0,0.0,False,smartfit,SMARTFIT ESCOLA DE GINÁSTICA E DANÇA S.A.,SMFT3,Consumo Cíclico / Academias
2025-08-15,23.350000381469727,23.780000686645508,23.219999313354492,23.56999969482422,22.471771240234375,3331200,0.0,0.0,False,smartfit,SMARTFIT ESCOLA DE GINÁSTICA E DANÇA S.A.,SMFT3,Consumo Cíclico / Academias
2025-08-18,23.690000534057617,24.399999618530273,23.559999465942383,24.059999465942383,22.93893814086914,3218600,0.0,0.0,False,smartfit,SMARTFIT ESCOLA DE GINÁSTICA E DANÇA S.A.,SMFT3,Consumo Cíclico / Academias
2025-08-19,23.600000381469727,23.860000610351562,23.059999465942383,23.299999237060547,22.2143497467041,3057900,0.0,0.0,False,smartfit,SMARTFIT ESCOLA DE GINÁSTICA E DANÇA S.A.,SMFT3,Consumo Cíclico / Academias
2025-08-20,23.229999542236328,23.260000228881836,22.959999084472656,23.149999618530273,22.071340560913086,1772400,0.0,0.0,False,smartfit,SMARTFIT ESCOLA DE GINÁSTICA E DANÇA S.A.,SMFT3,Consumo Cíclico / Academias
2025-08-21,22.860000610351562,23.149999618530273,22.639999389648438,22.790000915527344,21.728116989135742,2104200,0.0,0.0,False,smartfit,SMARTFIT ESCOLA DE GINÁSTICA E DANÇA S.A.,SMFT3,Consumo Cíclico / Academias
2025-08-22,22.969999313354492,23.739999771118164,22.739999771118164,23.290000915527344,22.204816818237305,3733300,0.0,0.0,False,smartfit,SMARTFIT ESCOLA DE GINÁSTICA E DANÇA S.A.,SMFT3,Consumo Cíclico / Academias
2025-08-25,23.309999465942383,23.84000015258789,23.190000534057617,23.719999313354492,22.614782333374023,3243900,0.0,0.0,False,smartfit,SMARTFIT ESCOLA DE GINÁSTICA E DANÇA S.A.,SMFT3,Consumo Cíclico / Academias
2025-08-26,23.719999313354492,24.06999969482422,23.520000457763672,23.6200008392334,22.519441604614258,2208000,0.0,0.0,False,smartfit,SMARTFIT ESCOLA DE GINÁSTICA E DANÇA S.A.,SMFT3,Consumo Cíclico / Academias
2025-08-27,23.729999542236328,24.100000381469727,23.56999969482422,24.100000381469727,22.977079391479492,1531300,0.0,0.0,False,smartfit,SMARTFIT ESCOLA DE GINÁSTICA E DANÇA S.A.,SMFT3,Consumo Cíclico / Academias
2025-08-28,24.450000762939453,24.899999618530273,24.25,24.469999313354492,23.329835891723633,2345100,0.0,0.0,False,smartfit,SMARTFIT ESCOLA DE GINÁSTICA E DANÇA S.A.,SMFT3,Consumo Cíclico / Academias
2025-08-29,24.479999542236328,24.68000030517578,24.219999313354492,24.40999984741211,23.27263069152832,7640900,0.0,0.0,False,smartfit,SMARTFIT ESCOLA DE GINÁSTICA E DANÇA S.A.,SMFT3,Consumo Cíclico / Academias
2025-09-01,24.6200008392334,24.770000457763672,24.329999923706055,24.610000610351562,23.463314056396484,2024800,0.0,0.0,False,smartfit,SMARTFIT ESCOLA DE GINÁSTICA E DANÇA S.A.,SMFT3,Consumo Cíclico / Academias
2025-09-02,24.25,24.579999923706055,24.110000610351562,24.399999618530273,23.263097763061523,1997400,0.0,0.0,False,smartfit,SMARTFIT ESCOLA DE GINÁSTICA E DANÇA S.A.,SMFT3,Consumo Cíclico / Academias
2025-09-03,24.239999771118164,24.649999618530273,24.09000015258789,24.299999237060547,23.167757034301758,1838500,0.0,0.0,False,smartfit,SMARTFIT ESCOLA DE GINÁSTICA E DANÇA S.A.,SMFT3,Consumo Cíclico / Academias
2025-09-04,24.389999389648438,24.559999465942383,24.190000534057617,24.399999618530273,23.263097763061523,1392000,0.0,0.0,False,smartfit,SMARTFIT ESCOLA DE GINÁSTICA E DANÇA S.A.,SMFT3,Consumo Cíclico / Academias
2025-09-05,24.959999084472656,25.360000610351562,24.649999618530273,25.280000686645508,24.102094650268555,4214100,0.0,0.0,False,smartfit,SMARTFIT ESCOLA DE GINÁSTICA E DANÇA S.A.,SMFT3,Consumo Cíclico / Academias
2025-09-08,25.270000457763672,25.34000015258789,24.56999969482422,24.610000610351562,23.463314056396484,4537100,0.0,0.0,False,smartfit,SMARTFIT ESCOLA DE GINÁSTICA E DANÇA S.A.,SMFT3,Consumo Cíclico / Academias
2025-09-09,24.690000534057617,24.799999237060547,24.020000457763672,24.219999313354492,23.091482162475586,2992000,0.0,0.0,False,smartfit,SMARTFIT ESCOLA DE GINÁSTICA E DANÇA S.A.,SMFT3,Consumo Cíclico / Academias
2025-09-10,24.299999237060547,24.6299991607666,24.15999984741211,24.440000534057617,23.30123519897461,2221600,0.0,0.0,False,smartfit,SMARTFIT ESCOLA DE GINÁSTICA E DANÇA S.A.,SMFT3,Consumo Cíclico / Academias
2025-09-11,24.600000381469727,25.43000030517578,24.440000534057617,25.139999389648438,23.96862030029297,3525200,0.0,0.0,False,smartfit,SMARTFIT ESCOLA DE GINÁSTICA E DANÇA S.A.,SMFT3,Consumo Cíclico / Academias
2025-09-12,24.920000076293945,25.450000762939453,24.690000534057617,25.450000762939453,24.264175415039062,3238300,0.0,0.0,False,smartfit,SMARTFIT ESCOLA DE GINÁSTICA E DANÇA S.A.,SMFT3,Consumo Cíclico / Academias
2025-09-15,25.270000457763672,25.979999542236328,25.170000076293945,25.56999969482422,24.4425048828125,2298800,0.066555,0.0,False,smartfit,SMARTFIT ESCOLA DE GINÁSTICA E DANÇA S.A.,SMFT3,Consumo Cíclico / Academias
2025-09-16,25.799999237060547,26.170000076293945,25.610000610351562,25.860000610351562,24.719717025756836,3421200,0.0,0.0,False,smartfit,SMARTFIT ESCOLA DE GINÁSTICA E DANÇA S.A.,SMFT3,Consumo Cíclico / Academias
2025-09-17,26.020000457763672,26.459999084472656,25.700000762939453,26.020000457763672,24.872661590576172,2197300,0.0,0.0,False,smartfit,SMARTFIT ESCOLA DE GINÁSTICA E DANÇA S.A.,SMFT3,Consumo Cíclico / Academias
2025-09-18,26.020000457763672,26.190000534057617,25.790000915527344,25.989999771118164,24.843982696533203,1005300,0.0,0.0,False,smartfit,SMARTFIT ESCOLA DE GINÁSTICA E DANÇA S.A.,SMFT3,Consumo Cíclico / Academias
2025-09-19,26.149999618530273,26.530000686645508,25.649999618530273,26.459999084472656,25.29326057434082,6613700,0.0,0.0,False,smartfit,SMARTFIT ESCOLA DE GINÁSTICA E DANÇA S.A.,SMFT3,Consumo Cíclico / Academias
2025-09-22,26.0,26.219999313354492,25.399999618530273,26.1200008392334,24.96825408935547,2589200,0.0,0.0,False,smartfit,SMARTFIT ESCOLA DE GINÁSTICA E DANÇA S.A.,SMFT3,Consumo Cíclico / Academias
2025-09-23,26.15999984741211,26.530000686645508,25.649999618530273,26.399999618530273,25.235904693603516,2046300,0.0,0.0,False,smartfit,SMARTFIT ESCOLA DE GINÁSTICA E DANÇA S.A.,SMFT3,Consumo Cíclico / Academias
2025-09-24,26.469999313354492,26.479999542236328,25.889999389648438,25.889999389648438,24.748394012451172,2283400,0.0,0.0,False,smartfit,SMARTFIT ESCOLA DE GINÁSTICA E DANÇA S.A.,SMFT3,Consumo Cíclico / Academias
2025-09-25,25.860000610351562,25.959999084472656,25.489999771118164,25.68000030517578,24.547653198242188,3090600,0.0,0.0,False,smartfit,SMARTFIT ESCOLA DE GINÁSTICA E DANÇA S.A.,SMFT3,Consumo Cíclico / Academias
2025-09-26,25.940000534057617,26.299999237060547,25.700000762939453,26.280000686645508,25.121196746826172,2816000,0.0,0.0,False,smartfit,SMARTFIT ESCOLA DE GINÁSTICA E DANÇA S.A.,SMFT3,Consumo Cíclico / Academias
2025-09-29,26.93000030517578,27.170000076293945,26.510000228881836,26.729999542236328,25.551353454589844,4006800,0.0,0.0,False,smartfit,SMARTFIT ESCOLA DE GINÁSTICA E DANÇA S.A.,SMFT3,Consumo Cíclico / Academias
2025-09-30,27.479999542236328,27.520000457763672,26.559999465942383,26.68000030517578,25.503559112548828,3645700,0.0,0.0,False,smartfit,SMARTFIT ESCOLA DE GINÁSTICA E DANÇA S.A.,SMFT3,Consumo Cíclico / Academias
2025-10-01,26.940000534057617,27.049999237060547,26.110000610351562,26.239999771118164,25.08296012878418,3997700,0.0,0.0,False,smartfit,SMARTFIT ESCOLA DE GINÁSTICA E DANÇA S.A.,SMFT3,Consumo Cíclico / Academias
2025-10-02,26.34000015258789,26.3700008392334,25.209999084472656,25.34000015258789,24.222644805908203,4420400,0.0,0.0,False,smartfit,SMARTFIT ESCOLA DE GINÁSTICA E DANÇA S.A.,SMFT3,Consumo Cíclico / Academias
2025-10-03,25.34000015258789,25.600000381469727,25.190000534057617,25.559999465942383,24.43294334411621,3301600,0.0,0.0,False,smartfit,SMARTFIT ESCOLA DE GINÁSTICA E DANÇA S.A.,SMFT3,Consumo Cíclico / Academias
2025-10-06,25.600000381469727,25.639999389648438,25.040000915527344,25.260000228881836,24.146175384521484,2096200,0.0,0.0,False,smartfit,SMARTFIT ESCOLA DE GINÁSTICA E DANÇA S.A.,SMFT3,Consumo Cíclico / Academias
2025-10-07,25.0,25.149999618530273,24.06999969482422,24.600000381469727,23.515275955200195,6677400,0.0,0.0,False,smartfit,SMARTFIT ESCOLA DE GINÁSTICA E DANÇA S.A.,SMFT3,Consumo Cíclico / Academias
2025-10-08,24.940000534057617,25.139999389648438,24.520000457763672,24.81999969482422,23.725576400756836,7607500,0.0,0.0,False,smartfit,SMARTFIT ESCOLA DE GINÁSTICA E DANÇA S.A.,SMFT3,Consumo Cíclico / Academias
2025-10-09,24.90999984741211,25.040000915527344,24.31999969482422,24.540000915527344,23.457921981811523,3112100,0.0,0.0,False,smartfit,SMARTFIT ESCOLA DE GINÁSTICA E DANÇA S.A.,SMFT3,Consumo Cíclico / Academias
2025-10-10,24.649999618530273,24.719999313354492,23.8799991607666,24.350000381469727,23.27630043029785,2420200,0.0,0.0,False,smartfit,SMARTFIT ESCOLA DE GINÁSTICA E DANÇA S.A.,SMFT3,Consumo Cíclico / Academias
2025-10-13,24.399999618530273,24.700000762939453,24.399999618530273,24.559999465942383,23.477039337158203,2408100,0.0,0.0,False,smartfit,SMARTFIT ESCOLA DE GINÁSTICA E DANÇA S.A.,SMFT3,Consumo Cíclico / Academias
2025-10-14,24.440000534057617,24.799999237060547,24.350000381469727,24.65999984741211,23.572628021240234,1943200,0.0,0.0,False,smartfit,SMARTFIT ESCOLA DE GINÁSTICA E DANÇA S.A.,SMFT3,Consumo Cíclico / Academias
2025-10-15,24.200000762939453,25.610000610351562,24.110000610351562,25.450000762939453,24.327796936035156,5565200,0.0,0.0,False,smartfit,SMARTFIT ESCOLA DE GINÁSTICA E DANÇA S.A.,SMFT3,Consumo Cíclico / Academias
2025-10-16,25.450000762939453,25.450000762939453,24.809999465942383,24.809999465942383,23.716014862060547,2590400,0.0,0.0,False,smartfit,SMARTFIT ESCOLA DE GINÁSTICA E DANÇA S.A.,SMFT3,Consumo Cíclico / Academias
2025-10-17,24.75,25.059999465942383,24.559999465942383,25.020000457763672,23.916757583618164,6079000,0.0,0.0,False,smartfit,SMARTFIT ESCOLA DE GINÁSTICA E DANÇA S.A.,SMFT3,Consumo Cíclico / Academias
2025-10-20,25.020000457763672,25.6299991607666,25.020000457763672,25.329999923706055,24.21308708190918,2630400,0.0,0.0,False,smartfit,SMARTFIT ESCOLA DE GINÁSTICA E DANÇA S.A.,SMFT3,Consumo Cíclico / Academias
2025-10-21,25.020000457763672,25.6299991607666,24.93000030517578,25.1299991607666,24.02190399169922,2413600,0.0,0.0,False,smartfit,SMARTFIT ESCOLA DE GINÁSTICA E DANÇA S.A.,SMFT3,Consumo Cíclico / Academias
2025-10-22,25.239999771118164,25.760000228881836,24.959999084472656,25.520000457763672,24.39470672607422,2549700,0.0,0.0,False,smartfit,SMARTFIT ESCOLA DE GINÁSTICA E DANÇA S.A.,SMFT3,Consumo Cíclico / Academias
2025-10-23,25.850000381469727,25.989999771118164,25.389999389648438,25.6200008392334,24.490299224853516,1480400,0.0,0.0,False,smartfit,SMARTFIT ESCOLA DE GINÁSTICA E DANÇA S.A.,SMFT3,Consumo Cíclico / Academias
2025-10-24,25.6299991607666,26.09000015258789,25.6299991607666,25.850000381469727,24.71015739440918,1583700,0.0,0.0,False,smartfit,SMARTFIT ESCOLA DE GINÁSTICA E DANÇA S.A.,SMFT3,Consumo Cíclico / Academias
2025-10-27,26.290000915527344,26.450000762939453,25.469999313354492,25.639999389648438,24.509416580200195,1965700,0.0,0.0,False,smartfit,SMARTFIT ESCOLA DE GINÁSTICA E DANÇA S.A.,SMFT3,Consumo Cíclico / Academias
2025-10-28,25.639999389648438,25.989999771118164,24.860000610351562,25.1200008392334,24.012348175048828,4141300,0.0,0.0,False,smartfit,SMARTFIT ESCOLA DE GINÁSTICA E DANÇA S.A.,SMFT3,Consumo Cíclico / Academias
2025-10-29,25.25,25.450000762939453,24.829999923706055,24.950000762939453,23.849842071533203,3535600,0.0,0.0,False,smartfit,SMARTFIT ESCOLA DE GINÁSTICA E DANÇA S.A.,SMFT3,Consumo Cíclico / Academias
2025-10-30,24.81999969482422,25.239999771118164,24.459999084472656,25.18000030517578,24.069700241088867,5390500,0.0,0.0,False,smartfit,SMARTFIT ESCOLA DE GINÁSTICA E DANÇA S.A.,SMFT3,Consumo Cíclico / Academias
2025-10-31,25.270000457763672,25.530000686645508,24.809999465942383,25.18000030517578,24.069700241088867,3396100,0.0,0.0,False,smartfit,SMARTFIT ESCOLA DE GINÁSTICA E DANÇA S.A.,SMFT3,Consumo Cíclico / Academias
2025-11-03,25.559999465942383,25.59000015258789,24.780000686645508,24.81999969482422,23.725576400756836,2856100,0.0,0.0,False,smartfit,SMARTFIT ESCOLA DE GINÁSTICA E DANÇA S.A.,SMFT3,Consumo Cíclico / Academias
2025-11-04,24.860000610351562,25.18000030517578,24.530000686645508,25.06999969482422,23.964548110961914,2213300,0.0,0.0,False,smartfit,SMARTFIT ESCOLA DE GINÁSTICA E DANÇA S.A.,SMFT3,Consumo Cíclico / Academias
2025-11-05,25.06999969482422,25.469999313354492,24.8700008392334,25.469999313354492,24.346912384033203,4086300,0.0,0.0,False,smartfit,SMARTFIT ESCOLA DE GINÁSTICA E DANÇA S.A.,SMFT3,Consumo Cíclico / Academias
2025-11-06,24.690000534057617,25.059999465942383,24.010000228881836,24.299999237060547,23.22850227355957,15205900,0.0,0.0,False,smartfit,SMARTFIT ESCOLA DE GINÁSTICA E DANÇA S.A.,SMFT3,Consumo Cíclico / Academias
2025-11-07,24.299999237060547,24.850000381469727,24.280000686645508,24.719999313354492,23.62998390197754,5489000,0.0,0.0,False,smartfit,SMARTFIT ESCOLA DE GINÁSTICA E DANÇA S.A.,SMFT3,Consumo Cíclico / Academias
2025-11-10,24.8799991607666,25.110000610351562,24.270000457763672,24.469999313354492,23.391006469726562,4569400,0.0,0.0,False,smartfit,SMARTFIT ESCOLA DE GINÁSTICA E DANÇA S.A.,SMFT3,Consumo Cíclico / Academias
2025-11-11,24.75,25.5,24.559999465942383,25.399999618530273,24.279998779296875,4082200,0.0,0.0,False,smartfit,SMARTFIT ESCOLA DE GINÁSTICA E DANÇA S.A.,SMFT3,Consumo Cíclico / Academias
2025-11-12,25.200000762939453,25.440000534057617,24.549999237060547,24.850000381469727,23.75425148010254,10487900,0.0,0.0,False,smartfit,SMARTFIT ESCOLA DE GINÁSTICA E DANÇA S.A.,SMFT3,Consumo Cíclico / Academias
2025-11-13,24.770000457763672,24.979999542236328,24.139999389648438,24.309999465942383,23.23806381225586,3691700,0.0,0.0,False,smartfit,SMARTFIT ESCOLA DE GINÁSTICA E DANÇA S.A.,SMFT3,Consumo Cíclico / Academias
2025-11-14,24.389999389648438,24.780000686645508,24.079999923706055,24.5,23.41968536376953,4436300,0.0,0.0,False,smartfit,SMARTFIT ESCOLA DE GINÁSTICA E DANÇA S.A.,SMFT3,Consumo Cíclico / Academias
2025-11-17,24.3799991607666,24.5,23.829999923706055,24.0,22.94173240661621,3724100,0.0,0.0,False,smartfit,SMARTFIT ESCOLA DE GINÁSTICA E DANÇA S.A.,SMFT3,Consumo Cíclico / Academias
2025-11-18,23.790000915527344,23.950000762939453,23.389999389648438,23.860000610351562,22.807907104492188,3659300,0.0,0.0,False,smartfit,SMARTFIT ESCOLA DE GINÁSTICA E DANÇA S.A.,SMFT3,Consumo Cíclico / Academias
2025-11-19,24.350000381469727,24.530000686645508,24.149999618530273,24.459999084472656,23.38144874572754,42677700,0.0,0.0,False,smartfit,SMARTFIT ESCOLA DE GINÁSTICA E DANÇA S.A.,SMFT3,Consumo Cíclico / Academias
2025-11-21,24.469999313354492,24.469999313354492,23.860000610351562,23.979999542236328,22.9226131439209,3047300,0.0,0.0,False,smartfit,SMARTFIT ESCOLA DE GINÁSTICA E DANÇA S.A.,SMFT3,Consumo Cíclico / Academias
2025-11-24,24.0,24.56999969482422,23.8799991607666,24.15999984741211,23.09467887878418,6880500,0.0,0.0,False,smartfit,SMARTFIT ESCOLA DE GINÁSTICA E DANÇA S.A.,SMFT3,Consumo Cíclico / Academias
2025-11-25,24.290000915527344,24.68000030517578,24.079999923706055,24.649999618530273,23.56307029724121,3340300,0.0,0.0,False,smartfit,SMARTFIT ESCOLA DE GINÁSTICA E DANÇA S.A.,SMFT3,Consumo Cíclico / Academias
2025-11-26,24.700000762939453,25.610000610351562,24.579999923706055,25.600000381469727,24.471181869506836,5623800,0.0,0.0,False,smartfit,SMARTFIT ESCOLA DE GINÁSTICA E DANÇA S.A.,SMFT3,Consumo Cíclico / Academias
2025-11-27,25.520000457763672,25.899999618530273,25.459999084472656,25.809999465942383,24.671920776367188,1578300,0.0,0.0,False,smartfit,SMARTFIT ESCOLA DE GINÁSTICA E DANÇA S.A.,SMFT3,Consumo Cíclico / Academias
2025-11-28,25.719999313354492,26.440000534057617,25.719999313354492,26.25,25.092519760131836,5803000,0.0,0.0,False,smartfit,SMARTFIT ESCOLA DE GINÁSTICA E DANÇA S.A.,SMFT3,Consumo Cíclico / Academias
2025-12-01,26.175352096557617,26.23497772216797,25.43004035949707,25.74803924560547,24.61269187927246,4352909,0.0,0.0,False,smartfit,SMARTFIT ESCOLA DE GINÁSTICA E DANÇA S.A.,SMFT3,Consumo Cíclico / Academias
2025-12-02,26.036226272583008,26.632476806640625,25.797727584838867,26.50328826904297,25.334638595581055,5937313,0.0,0.0,False,smartfit,SMARTFIT ESCOLA DE GINÁSTICA E DANÇA S.A.,SMFT3,Consumo Cíclico / Academias
2025-12-03,26.642414093017578,26.73185157775879,26.225038528442383,26.374101638793945,25.211149215698242,3712606,0.0,0.0,False,smartfit,SMARTFIT ESCOLA DE GINÁSTICA E DANÇA S.A.,SMFT3,Consumo Cíclico / Academias
2025-12-04,26.50328826904297,27.387725830078125,26.453601837158203,27.129350662231445,25.933094024658203,5771376,0.0,0.0,False,smartfit,SMARTFIT ESCOLA DE GINÁSTICA E DANÇA S.A.,SMFT3,Consumo Cíclico / Academias
2025-12-05,27.039913177490234,27.179039001464844,24.833791732788086,24.893415451049805,23.795753479003906,8233264,0.0,0.0,False,smartfit,SMARTFIT ESCOLA DE GINÁSTICA E DANÇA S.A.,SMFT3,Consumo Cíclico / Academias
2025-12-08,24.8799991607666,24.8799991607666,23.68000030517578,24.309999465942383,24.05132293701172,7659800,0.841735,0.0,False,smartfit,SMARTFIT ESCOLA DE GINÁSTICA E DANÇA S.A.,SMFT3,Consumo Cíclico / Academias
2025-12-09,24.020000457763672,24.40999984741211,23.31999969482422,23.969999313354492,23.714941024780273,5444500,0.0,0.0,False,smartfit,SMARTFIT ESCOLA DE GINÁSTICA E DANÇA S.A.,SMFT3,Consumo Cíclico / Academias
2025-12-10,23.860000610351562,24.040000915527344,23.56999969482422,23.850000381469727,23.59621810913086,4290800,0.0,0.0,False,smartfit,SMARTFIT ESCOLA DE GINÁSTICA E DANÇA S.A.,SMFT3,Consumo Cíclico / Academias
2025-12-11,23.8700008392334,24.350000381469727,23.649999618530273,24.1299991607666,23.87323760986328,4125700,0.0,0.0,False,smartfit,SMARTFIT ESCOLA DE GINÁSTICA E DANÇA S.A.,SMFT3,Consumo Cíclico / Academias
2025-12-12,23.8700008392334,24.760000228881836,23.649999618530273,24.700000762939453,24.43717384338379,4084200,0.0,0.0,False,smartfit,SMARTFIT ESCOLA DE GINÁSTICA E DANÇA S.A.,SMFT3,Consumo Cíclico / Academias
2025-12-15,25.059999465942383,25.399999618530273,24.68000030517578,25.139999389648438,24.87248992919922,3262500,0.0,0.0,False,smartfit,SMARTFIT ESCOLA DE GINÁSTICA E DANÇA S.A.,SMFT3,Consumo Cíclico / Academias
2025-12-16,24.399999618530273,24.639999389648438,23.479999542236328,23.489999771118164,23.240049362182617,7960300,0.0,0.0,False,smartfit,SMARTFIT ESCOLA DE GINÁSTICA E DANÇA S.A.,SMFT3,Consumo Cíclico / Academias
2025-12-17,23.360000610351562,23.489999771118164,22.549999237060547,23.049999237060547,22.804731369018555,7969600,0.0,0.0,False,smartfit,SMARTFIT ESCOLA DE GINÁSTICA E DANÇA S.A.,SMFT3,Consumo Cíclico / Academias
2025-12-18,22.829999923706055,23.1299991607666,22.649999618530273,22.8799991607666,22.636537551879883,4170000,0.0,0.0,False,smartfit,SMARTFIT ESCOLA DE GINÁSTICA E DANÇA S.A.,SMFT3,Consumo Cíclico / Academias
2025-12-19,22.809999465942383,23.479999542236328,22.780000686645508,23.190000534057617,22.943241119384766,7605200,0.0,0.0,False,smartfit,SMARTFIT ESCOLA DE GINÁSTICA E DANÇA S.A.,SMFT3,Consumo Cíclico / Academias
2025-12-22,23.040000915527344,23.200000762939453,22.639999389648438,22.739999771118164,22.498027801513672,2720300,0.0,0.0,False,smartfit,SMARTFIT ESCOLA DE GINÁSTICA E DANÇA S.A.,SMFT3,Consumo Cíclico / Academias
2025-12-23,22.739999771118164,23.559999465942383,22.729999542236328,23.510000228881836,23.259836196899414,3525200,0.0,0.0,False,smartfit,SMARTFIT ESCOLA DE GINÁSTICA E DANÇA S.A.,SMFT3,Consumo Cíclico / Academias
2025-12-26,23.479999542236328,23.479999542236328,23.18000030517578,23.31999969482422,23.071857452392578,2088600,0.0,0.0,False,smartfit,SMARTFIT ESCOLA DE GINÁSTICA E DANÇA S.A.,SMFT3,Consumo Cíclico / Academias
2025-12-29,23.18000030517578,23.309999465942383,22.920000076293945,23.079999923706055,22.83441162109375,2088500,0.0,0.0,False,smartfit,SMARTFIT ESCOLA DE GINÁSTICA E DANÇA S.A.,SMFT3,Consumo Cíclico / Academias
2025-12-30,23.190000534057617,23.43000030517578,23.100000381469727,23.299999237060547,23.05206871032715,2169500,0.0,0.0,False,smartfit,SMARTFIT ESCOLA DE GINÁSTICA E DANÇA S.A.,SMFT3,Consumo Cíclico / Academias
