data,Open,High,Low,Close,Adj Close,Volume,Dividends,Stock Splits,Repaired?,empresa_chave,empresa,ticker,setor
2023-01-02,26.860000610351562,26.860000610351562,25.420000076293945,25.889999389648438,24.461933135986328,3063900,0.21,0.0,False,totvs,TOTVS S.A.,TOTS3,Tecnologia da Informação / Software
2023-01-03,25.81999969482422,26.270000457763672,24.93000030517578,25.0,23.62102699279785,4250800,0.0,0.0,False,totvs,TOTVS S.A.,TOTS3,Tecnologia da Informação / Software
2023-01-04,25.100000381469727,26.5,24.979999542236328,25.729999542236328,24.310760498046875,6374700,0.0,0.0,False,totvs,TOTVS S.A.,TOTS3,Tecnologia da Informação / Software
2023-01-05,25.889999389648438,27.260000228881836,25.709999084472656,26.899999618530273,25.41622543334961,6459400,0.0,0.0,False,totvs,TOTVS S.A.,TOTS3,Tecnologia da Informação / Software
2023-01-06,26.899999618530273,27.65999984741211,26.690000534057617,27.34000015258789,25.831953048706055,3270700,0.0,0.0,False,totvs,TOTVS S.A.,TOTS3,Tecnologia da Informação / Software
2023-01-09,27.329999923706055,28.56999969482422,27.219999313354492,27.860000610351562,26.323270797729492,5516400,0.0,0.0,False,totvs,TOTVS S.A.,TOTS3,Tecnologia da Informação / Software
2023-01-10,27.75,29.15999984741211,27.420000076293945,28.829999923706055,27.239765167236328,4159800,0.0,0.0,False,totvs,TOTVS S.A.,TOTS3,Tecnologia da Informação / Software
2023-01-11,28.809999465942383,29.299999237060547,28.280000686645508,29.149999618530273,27.542116165161133,3700200,0.0,0.0,False,totvs,TOTVS S.A.,TOTS3,Tecnologia da Informação / Software
2023-01-12,29.030000686645508,29.270000457763672,27.850000381469727,28.59000015258789,27.01300811767578,3012200,0.0,0.0,False,totvs,TOTVS S.A.,TOTS3,Tecnologia da Informação / Software
2023-01-13,28.420000076293945,28.489999771118164,27.780000686645508,28.15999984741211,26.60672378540039,2830900,0.0,0.0,False,totvs,TOTVS S.A.,TOTS3,Tecnologia da Informação / Software
2023-01-16,28.31999969482422,28.31999969482422,27.079999923706055,27.639999389648438,26.11540412902832,2709400,0.0,0.0,False,totvs,TOTVS S.A.,TOTS3,Tecnologia da Informação / Software
2023-01-17,27.649999618530273,29.389999389648438,27.59000015258789,29.260000228881836,27.64604949951172,7404100,0.0,0.0,False,totvs,TOTVS S.A.,TOTS3,Tecnologia da Informação / Software
2023-01-18,29.700000762939453,30.18000030517578,29.43000030517578,29.770000457763672,28.127918243408203,5469500,0.0,0.0,False,totvs,TOTVS S.A.,TOTS3,Tecnologia da Informação / Software
2023-01-19,29.40999984741211,30.579999923706055,28.600000381469727,29.649999618530273,28.014537811279297,5254800,0.0,0.0,False,totvs,TOTVS S.A.,TOTS3,Tecnologia da Informação / Software
2023-01-20,29.559999465942383,29.770000457763672,28.889999389648438,29.100000381469727,27.494876861572266,4469200,0.0,0.0,False,totvs,TOTVS S.A.,TOTS3,Tecnologia da Informação / Software
2023-01-23,29.09000015258789,30.299999237060547,29.06999969482422,29.639999389648438,28.00508689880371,3279200,0.0,0.0,False,totvs,TOTVS S.A.,TOTS3,Tecnologia da Informação / Software
2023-01-24,29.709999084472656,30.459999084472656,29.68000030517578,30.219999313354492,28.553096771240234,4468900,0.0,0.0,False,totvs,TOTVS S.A.,TOTS3,Tecnologia da Informação / Software
2023-01-25,30.170000076293945,30.329999923706055,29.170000076293945,29.989999771118164,28.335784912109375,3511200,0.0,0.0,False,totvs,TOTVS S.A.,TOTS3,Tecnologia da Informação / Software
2023-01-26,30.149999618530273,30.299999237060547,29.299999237060547,29.520000457763672,27.891708374023438,3698500,0.0,0.0,False,totvs,TOTVS S.A.,TOTS3,Tecnologia da Informação / Software
2023-01-27,29.479999542236328,29.56999969482422,28.899999618530273,29.100000381469727,27.494876861572266,3284700,0.0,0.0,False,totvs,TOTVS S.A.,TOTS3,Tecnologia da Informação / Software
2023-01-30,29.290000915527344,29.639999389648438,29.020000457763672,29.6200008392334,27.98619270324707,2690900,0.0,0.0,False,totvs,TOTVS S.A.,TOTS3,Tecnologia da Informação / Software
2023-01-31,29.6200008392334,30.440000534057617,29.219999313354492,30.06999969482422,28.41136932373047,4969600,0.0,0.0,False,totvs,TOTVS S.A.,TOTS3,Tecnologia da Informação / Software
2023-02-01,30.079999923706055,30.860000610351562,29.739999771118164,30.139999389648438,28.477508544921875,3798600,0.0,0.0,False,totvs,TOTVS S.A.,TOTS3,Tecnologia da Informação / Software
2023-02-02,30.010000228881836,31.299999237060547,29.989999771118164,30.510000228881836,28.827098846435547,4524300,0.0,0.0,False,totvs,TOTVS S.A.,TOTS3,Tecnologia da Informação / Software
2023-02-03,30.3700008392334,30.56999969482422,29.280000686645508,29.709999084472656,28.071229934692383,5728800,0.0,0.0,False,totvs,TOTVS S.A.,TOTS3,Tecnologia da Informação / Software
2023-02-06,29.690000534057617,30.200000762939453,29.329999923706055,30.079999923706055,28.420820236206055,2778800,0.0,0.0,False,totvs,TOTVS S.A.,TOTS3,Tecnologia da Informação / Software
2023-02-07,30.149999618530273,30.299999237060547,29.09000015258789,29.299999237060547,27.68384552001953,3510000,0.0,0.0,False,totvs,TOTVS S.A.,TOTS3,Tecnologia da Informação / Software
2023-02-08,29.5,30.75,29.489999771118164,30.469999313354492,28.789306640625,4492200,0.0,0.0,False,totvs,TOTVS S.A.,TOTS3,Tecnologia da Informação / Software
2023-02-09,30.479999542236328,30.75,29.510000228881836,29.68000030517578,28.042882919311523,3656900,0.0,0.0,False,totvs,TOTVS S.A.,TOTS3,Tecnologia da Informação / Software
2023-02-10,29.690000534057617,30.3799991607666,29.690000534057617,30.059999465942383,28.40192413330078,2483000,0.0,0.0,False,totvs,TOTVS S.A.,TOTS3,Tecnologia da Informação / Software
2023-02-13,30.020000457763672,30.540000915527344,29.670000076293945,29.90999984741211,28.260196685791016,3224000,0.0,0.0,False,totvs,TOTVS S.A.,TOTS3,Tecnologia da Informação / Software
2023-02-14,29.90999984741211,30.40999984741211,28.690000534057617,29.84000015258789,28.194059371948242,5759100,0.0,0.0,False,totvs,TOTVS S.A.,TOTS3,Tecnologia da Informação / Software
2023-02-15,29.3799991607666,29.3799991607666,28.100000381469727,28.600000381469727,27.02245330810547,8639300,0.0,0.0,False,totvs,TOTVS S.A.,TOTS3,Tecnologia da Informação / Software
2023-02-16,28.489999771118164,28.729999542236328,27.489999771118164,28.5,26.927967071533203,6700000,0.0,0.0,False,totvs,TOTVS S.A.,TOTS3,Tecnologia da Informação / Software
2023-02-17,28.3700008392334,28.739999771118164,27.780000686645508,28.739999771118164,27.15473175048828,3256800,0.0,0.0,False,totvs,TOTVS S.A.,TOTS3,Tecnologia da Informação / Software
2023-02-22,28.690000534057617,29.360000610351562,27.940000534057617,28.209999084472656,26.653963088989258,3315300,0.0,0.0,False,totvs,TOTVS S.A.,TOTS3,Tecnologia da Informação / Software
2023-02-23,28.200000762939453,29.489999771118164,28.079999923706055,28.75,27.164180755615234,3997700,0.0,0.0,False,totvs,TOTVS S.A.,TOTS3,Tecnologia da Informação / Software
2023-02-24,28.700000762939453,28.739999771118164,27.540000915527344,27.790000915527344,26.257131576538086,5017500,0.0,0.0,False,totvs,TOTVS S.A.,TOTS3,Tecnologia da Informação / Software
2023-02-27,27.8700008392334,28.299999237060547,27.510000228881836,27.969999313354492,26.427204132080078,2457800,0.0,0.0,False,totvs,TOTVS S.A.,TOTS3,Tecnologia da Informação / Software
2023-02-28,27.950000762939453,28.209999084472656,27.290000915527344,27.290000915527344,25.784713745117188,5734300,0.0,0.0,False,totvs,TOTVS S.A.,TOTS3,Tecnologia da Informação / Software
2023-03-01,27.610000610351562,27.610000610351562,26.360000610351562,27.149999618530273,25.652433395385742,6756700,0.0,0.0,False,totvs,TOTVS S.A.,TOTS3,Tecnologia da Informação / Software
2023-03-02,27.059999465942383,27.889999389648438,27.059999465942383,27.469999313354492,25.954784393310547,3756000,0.0,0.0,False,totvs,TOTVS S.A.,TOTS3,Tecnologia da Informação / Software
2023-03-03,27.469999313354492,28.290000915527344,27.459999084472656,27.709999084472656,26.18154525756836,3705700,0.0,0.0,False,totvs,TOTVS S.A.,TOTS3,Tecnologia da Informação / Software
2023-03-06,27.969999313354492,28.56999969482422,27.690000534057617,27.889999389648438,26.351619720458984,7047900,0.0,0.0,False,totvs,TOTVS S.A.,TOTS3,Tecnologia da Informação / Software
2023-03-07,27.940000534057617,27.940000534057617,26.799999237060547,27.59000015258789,26.068166732788086,4735800,0.0,0.0,False,totvs,TOTVS S.A.,TOTS3,Tecnologia da Informação / Software
2023-03-08,27.59000015258789,28.329999923706055,27.40999984741211,28.030000686645508,26.483896255493164,6322900,0.0,0.0,False,totvs,TOTVS S.A.,TOTS3,Tecnologia da Informação / Software
2023-03-09,27.989999771118164,28.270000457763672,27.65999984741211,27.700000762939453,26.17209815979004,6885600,0.0,0.0,False,totvs,TOTVS S.A.,TOTS3,Tecnologia da Informação / Software
2023-03-10,27.489999771118164,27.700000762939453,27.200000762939453,27.399999618530273,25.888643264770508,5030600,0.0,0.0,False,totvs,TOTVS S.A.,TOTS3,Tecnologia da Informação / Software
2023-03-13,27.329999923706055,28.219999313354492,27.18000030517578,28.049999237060547,26.502790451049805,6627400,0.0,0.0,False,totvs,TOTVS S.A.,TOTS3,Tecnologia da Informação / Software
2023-03-14,28.06999969482422,29.040000915527344,28.06999969482422,28.540000915527344,26.96576499938965,4243000,0.0,0.0,False,totvs,TOTVS S.A.,TOTS3,Tecnologia da Informação / Software
2023-03-15,28.219999313354492,29.239999771118164,28.0,28.829999923706055,27.239765167236328,4489300,0.0,0.0,False,totvs,TOTVS S.A.,TOTS3,Tecnologia da Informação / Software
2023-03-16,28.84000015258789,29.040000915527344,28.350000381469727,28.950000762939453,27.3531494140625,3439400,0.0,0.0,False,totvs,TOTVS S.A.,TOTS3,Tecnologia da Informação / Software
2023-03-17,28.780000686645508,28.90999984741211,28.290000915527344,28.510000228881836,26.937419891357422,5105700,0.0,0.0,False,totvs,TOTVS S.A.,TOTS3,Tecnologia da Informação / Software
2023-03-20,28.510000228881836,28.559999465942383,27.610000610351562,27.809999465942383,26.276031494140625,2828100,0.0,0.0,False,totvs,TOTVS S.A.,TOTS3,Tecnologia da Informação / Software
2023-03-21,27.790000915527344,28.1299991607666,27.690000534057617,27.950000762939453,26.408309936523438,2697700,0.0,0.0,False,totvs,TOTVS S.A.,TOTS3,Tecnologia da Informação / Software
2023-03-22,28.079999923706055,28.610000610351562,27.65999984741211,27.8799991607666,26.342166900634766,6924400,0.0,0.0,False,totvs,TOTVS S.A.,TOTS3,Tecnologia da Informação / Software
2023-03-23,27.889999389648438,28.06999969482422,26.09000015258789,26.299999237060547,24.849319458007812,9038600,0.0,0.0,False,totvs,TOTVS S.A.,TOTS3,Tecnologia da Informação / Software
2023-03-24,26.450000762939453,27.290000915527344,26.270000457763672,27.06999969482422,25.576847076416016,5111700,0.0,0.0,False,totvs,TOTVS S.A.,TOTS3,Tecnologia da Informação / Software
2023-03-27,27.18000030517578,27.440000534057617,26.969999313354492,27.25,25.746919631958008,6695800,0.0,0.0,False,totvs,TOTVS S.A.,TOTS3,Tecnologia da Informação / Software
2023-03-28,27.260000228881836,27.770000457763672,27.200000762939453,27.610000610351562,26.087059020996094,3663100,0.0,0.0,False,totvs,TOTVS S.A.,TOTS3,Tecnologia da Informação / Software
2023-03-29,27.8700008392334,28.190000534057617,27.299999237060547,27.81999969482422,26.285478591918945,4540100,0.0,0.0,False,totvs,TOTVS S.A.,TOTS3,Tecnologia da Informação / Software
2023-03-30,28.280000686645508,29.190000534057617,28.18000030517578,28.579999923706055,27.003559112548828,6310400,0.0,0.0,False,totvs,TOTVS S.A.,TOTS3,Tecnologia da Informação / Software
2023-03-31,28.739999771118164,28.850000381469727,27.969999313354492,28.15999984741211,26.60672378540039,6080400,0.0,0.0,False,totvs,TOTVS S.A.,TOTS3,Tecnologia da Informação / Software
2023-04-03,28.0,28.350000381469727,27.790000915527344,28.18000030517578,26.62561798095703,4479600,0.0,0.0,False,totvs,TOTVS S.A.,TOTS3,Tecnologia da Informação / Software
2023-04-04,28.290000915527344,29.31999969482422,28.219999313354492,29.1200008392334,27.513769149780273,4250600,0.0,0.0,False,totvs,TOTVS S.A.,TOTS3,Tecnologia da Informação / Software
2023-04-05,29.280000686645508,29.329999923706055,28.270000457763672,28.399999618530273,26.833484649658203,4468500,0.0,0.0,False,totvs,TOTVS S.A.,TOTS3,Tecnologia da Informação / Software
2023-04-06,28.059999465942383,28.440000534057617,27.209999084472656,27.239999771118164,25.737468719482422,6825000,0.0,0.0,False,totvs,TOTVS S.A.,TOTS3,Tecnologia da Informação / Software
2023-04-10,27.239999771118164,27.479999542236328,26.649999618530273,27.25,25.746919631958008,3370100,0.0,0.0,False,totvs,TOTVS S.A.,TOTS3,Tecnologia da Informação / Software
2023-04-11,27.5,28.59000015258789,27.450000762939453,28.200000762939453,26.64451789855957,4794000,0.0,0.0,False,totvs,TOTVS S.A.,TOTS3,Tecnologia da Informação / Software
2023-04-12,28.270000457763672,28.899999618530273,28.100000381469727,28.399999618530273,26.833484649658203,7811900,0.0,0.0,False,totvs,TOTVS S.A.,TOTS3,Tecnologia da Informação / Software
2023-04-13,28.65999984741211,28.700000762939453,26.469999313354492,26.68000030517578,25.208358764648438,9715700,0.0,0.0,False,totvs,TOTVS S.A.,TOTS3,Tecnologia da Informação / Software
2023-04-14,26.549999237060547,26.75,25.68000030517578,26.75,25.274497985839844,7993900,0.0,0.0,False,totvs,TOTVS S.A.,TOTS3,Tecnologia da Informação / Software
2023-04-17,26.950000762939453,27.18000030517578,26.75,27.1200008392334,25.624088287353516,3962600,0.0,0.0,False,totvs,TOTVS S.A.,TOTS3,Tecnologia da Informação / Software
2023-04-18,27.190000534057617,27.389999389648438,26.299999237060547,26.450000762939453,24.991044998168945,4147400,0.0,0.0,False,totvs,TOTVS S.A.,TOTS3,Tecnologia da Informação / Software
2023-04-19,26.229999542236328,26.229999542236328,25.399999618530273,25.549999237060547,24.14068603515625,8821900,0.0,0.0,False,totvs,TOTVS S.A.,TOTS3,Tecnologia da Informação / Software
2023-04-20,25.549999237060547,25.979999542236328,25.299999237060547,25.670000076293945,24.254070281982422,3873100,0.0,0.0,False,totvs,TOTVS S.A.,TOTS3,Tecnologia da Informação / Software
2023-04-24,25.56999969482422,25.959999084472656,25.34000015258789,25.799999237060547,24.37689971923828,5925300,0.0,0.0,False,totvs,TOTVS S.A.,TOTS3,Tecnologia da Informação / Software
2023-04-25,25.549999237060547,25.860000610351562,25.389999389648438,25.6299991607666,24.216278076171875,3484200,0.0,0.0,False,totvs,TOTVS S.A.,TOTS3,Tecnologia da Informação / Software
2023-04-26,25.639999389648438,25.719999313354492,25.06999969482422,25.3700008392334,23.97061538696289,3190100,0.0,0.0,False,totvs,TOTVS S.A.,TOTS3,Tecnologia da Informação / Software
2023-04-27,25.1299991607666,25.729999542236328,25.030000686645508,25.440000534057617,24.03675651550293,5512500,0.0,0.0,False,totvs,TOTVS S.A.,TOTS3,Tecnologia da Informação / Software
2023-04-28,25.420000076293945,26.170000076293945,25.149999618530273,25.65999984741211,24.2446231842041,5725200,0.0,0.0,False,totvs,TOTVS S.A.,TOTS3,Tecnologia da Informação / Software
2023-05-02,25.700000762939453,26.149999618530273,25.0,25.440000534057617,24.03675651550293,3620800,0.0,0.0,False,totvs,TOTVS S.A.,TOTS3,Tecnologia da Informação / Software
2023-05-03,25.360000610351562,25.700000762939453,25.299999237060547,25.459999084472656,24.055652618408203,2901900,0.0,0.0,False,totvs,TOTVS S.A.,TOTS3,Tecnologia da Informação / Software
2023-05-04,25.81999969482422,26.209999084472656,25.56999969482422,25.959999084472656,24.528072357177734,6229700,0.0,0.0,False,totvs,TOTVS S.A.,TOTS3,Tecnologia da Informação / Software
2023-05-05,26.059999465942383,26.809999465942383,25.93000030517578,26.549999237060547,25.085529327392578,4338200,0.0,0.0,False,totvs,TOTVS S.A.,TOTS3,Tecnologia da Informação / Software
2023-05-08,26.75,27.530000686645508,26.56999969482422,27.34000015258789,25.831953048706055,6565300,0.0,0.0,False,totvs,TOTVS S.A.,TOTS3,Tecnologia da Informação / Software
2023-05-09,27.229999542236328,28.489999771118164,26.65999984741211,27.920000076293945,26.379961013793945,8862200,0.0,0.0,False,totvs,TOTVS S.A.,TOTS3,Tecnologia da Informação / Software
2023-05-10,28.149999618530273,28.93000030517578,27.81999969482422,28.030000686645508,26.483896255493164,3658800,0.0,0.0,False,totvs,TOTVS S.A.,TOTS3,Tecnologia da Informação / Software
2023-05-11,27.93000030517578,28.25,27.81999969482422,28.030000686645508,26.483896255493164,3959700,0.0,0.0,False,totvs,TOTVS S.A.,TOTS3,Tecnologia da Informação / Software
2023-05-12,27.670000076293945,28.09000015258789,27.399999618530273,27.93000030517578,26.38941192626953,2437200,0.0,0.0,False,totvs,TOTVS S.A.,TOTS3,Tecnologia da Informação / Software
2023-05-15,28.149999618530273,28.799999237060547,27.81999969482422,28.59000015258789,27.01300811767578,4876700,0.0,0.0,False,totvs,TOTVS S.A.,TOTS3,Tecnologia da Informação / Software
2023-05-16,28.610000610351562,28.989999771118164,28.1200008392334,28.299999237060547,26.73900032043457,4683600,0.0,0.0,False,totvs,TOTVS S.A.,TOTS3,Tecnologia da Informação / Software
2023-05-17,28.360000610351562,28.670000076293945,28.09000015258789,28.639999389648438,27.06024932861328,5761400,0.0,0.0,False,totvs,TOTVS S.A.,TOTS3,Tecnologia da Informação / Software
2023-05-18,28.639999389648438,29.219999313354492,28.40999984741211,29.059999465942383,27.457080841064453,4160100,0.0,0.0,False,totvs,TOTVS S.A.,TOTS3,Tecnologia da Informação / Software
2023-05-19,29.25,29.34000015258789,28.5,28.90999984741211,27.315353393554688,6885400,0.0,0.0,False,totvs,TOTVS S.A.,TOTS3,Tecnologia da Informação / Software
2023-05-22,28.899999618530273,29.290000915527344,28.700000762939453,28.90999984741211,27.315353393554688,2962200,0.0,0.0,False,totvs,TOTVS S.A.,TOTS3,Tecnologia da Informação / Software
2023-05-23,28.6200008392334,29.420000076293945,28.56999969482422,28.81999969482422,27.230318069458008,3771700,0.0,0.0,False,totvs,TOTVS S.A.,TOTS3,Tecnologia da Informação / Software
2023-05-24,28.81999969482422,28.969999313354492,28.06999969482422,28.209999084472656,26.653963088989258,2742700,0.0,0.0,False,totvs,TOTVS S.A.,TOTS3,Tecnologia da Informação / Software
2023-05-25,28.790000915527344,30.079999923706055,28.68000030517578,29.84000015258789,28.194059371948242,6930000,0.0,0.0,False,totvs,TOTVS S.A.,TOTS3,Tecnologia da Informação / Software
2023-05-26,30.15999984741211,30.15999984741211,29.440000534057617,29.760000228881836,28.11846923828125,3580100,0.0,0.0,False,totvs,TOTVS S.A.,TOTS3,Tecnologia da Informação / Software
2023-05-29,29.56999969482422,29.709999084472656,29.190000534057617,29.299999237060547,27.68384552001953,2477600,0.0,0.0,False,totvs,TOTVS S.A.,TOTS3,Tecnologia da Informação / Software
2023-05-30,29.31999969482422,29.59000015258789,28.889999389648438,29.110000610351562,27.50432586669922,3304200,0.0,0.0,False,totvs,TOTVS S.A.,TOTS3,Tecnologia da Informação / Software
2023-05-31,28.860000610351562,29.1299991607666,28.6299991607666,28.760000228881836,27.173625946044922,4839200,0.0,0.0,False,totvs,TOTVS S.A.,TOTS3,Tecnologia da Informação / Software
2023-06-01,28.850000381469727,30.219999313354492,28.729999542236328,30.09000015258789,28.430267333984375,4512800,0.0,0.0,False,totvs,TOTVS S.A.,TOTS3,Tecnologia da Informação / Software
2023-06-02,30.399999618530273,30.440000534057617,28.229999542236328,28.829999923706055,27.239765167236328,8452600,0.0,0.0,False,totvs,TOTVS S.A.,TOTS3,Tecnologia da Informação / Software
2023-06-05,28.6299991607666,28.75,28.200000762939453,28.700000762939453,27.116939544677734,3309200,0.0,0.0,False,totvs,TOTVS S.A.,TOTS3,Tecnologia da Informação / Software
2023-06-06,28.940000534057617,29.670000076293945,28.8799991607666,29.56999969482422,27.93895149230957,4805800,0.0,0.0,False,totvs,TOTVS S.A.,TOTS3,Tecnologia da Informação / Software
2023-06-07,29.75,30.110000610351562,29.309999465942383,29.700000762939453,28.06178092956543,4864600,0.0,0.0,False,totvs,TOTVS S.A.,TOTS3,Tecnologia da Informação / Software
2023-06-09,29.899999618530273,30.149999618530273,29.6299991607666,29.860000610351562,28.21295738220215,3621100,0.0,0.0,False,totvs,TOTVS S.A.,TOTS3,Tecnologia da Informação / Software
2023-06-12,30.229999542236328,30.690000534057617,30.040000915527344,30.510000228881836,28.827098846435547,3953000,0.0,0.0,False,totvs,TOTVS S.A.,TOTS3,Tecnologia da Informação / Software
2023-06-13,30.540000915527344,30.739999771118164,29.790000915527344,29.950000762939453,28.297990798950195,6850000,0.0,0.0,False,totvs,TOTVS S.A.,TOTS3,Tecnologia da Informação / Software
2023-06-14,29.899999618530273,30.299999237060547,29.399999618530273,29.899999618530273,28.25074577331543,6924000,0.0,0.0,False,totvs,TOTVS S.A.,TOTS3,Tecnologia da Informação / Software
2023-06-15,29.8700008392334,30.350000381469727,29.690000534057617,30.350000381469727,28.675926208496094,5881200,0.0,0.0,False,totvs,TOTVS S.A.,TOTS3,Tecnologia da Informação / Software
2023-06-16,30.270000457763672,30.40999984741211,29.81999969482422,29.8799991607666,28.23185157775879,5819000,0.0,0.0,False,totvs,TOTVS S.A.,TOTS3,Tecnologia da Informação / Software
2023-06-19,29.860000610351562,30.170000076293945,29.770000457763672,29.989999771118164,28.335784912109375,1595600,0.0,0.0,False,totvs,TOTVS S.A.,TOTS3,Tecnologia da Informação / Software
2023-06-20,29.860000610351562,30.0,29.389999389648438,29.93000030517578,28.27909278869629,5027800,0.0,0.0,False,totvs,TOTVS S.A.,TOTS3,Tecnologia da Informação / Software
2023-06-21,29.799999237060547,29.8799991607666,28.84000015258789,29.5,27.872814178466797,4097000,0.0,0.0,False,totvs,TOTVS S.A.,TOTS3,Tecnologia da Informação / Software
2023-06-22,29.309999465942383,29.309999465942383,28.3700008392334,28.969999313354492,27.372047424316406,5283100,0.0,0.0,False,totvs,TOTVS S.A.,TOTS3,Tecnologia da Informação / Software
2023-06-23,29.40999984741211,29.860000610351562,28.969999313354492,29.770000457763672,28.127918243408203,3869800,0.0,0.0,False,totvs,TOTVS S.A.,TOTS3,Tecnologia da Informação / Software
2023-06-26,29.770000457763672,29.809999465942383,28.850000381469727,29.3700008392334,27.749980926513672,4207800,0.0,0.0,False,totvs,TOTVS S.A.,TOTS3,Tecnologia da Informação / Software
2023-06-27,29.700000762939453,29.829999923706055,28.889999389648438,29.229999542236328,27.61770248413086,3174300,0.0,0.0,False,totvs,TOTVS S.A.,TOTS3,Tecnologia da Informação / Software
2023-06-28,29.399999618530273,29.610000610351562,28.790000915527344,28.989999771118164,27.390941619873047,3085500,0.0,0.0,False,totvs,TOTVS S.A.,TOTS3,Tecnologia da Informação / Software
2023-06-29,29.100000381469727,29.790000915527344,29.049999237060547,29.56999969482422,27.93895149230957,2301600,0.0,0.0,False,totvs,TOTVS S.A.,TOTS3,Tecnologia da Informação / Software
2023-06-30,29.809999465942383,30.559999465942383,29.649999618530273,29.979999542236328,28.326332092285156,4070500,0.0,0.0,False,totvs,TOTVS S.A.,TOTS3,Tecnologia da Informação / Software
2023-07-03,30.280000686645508,31.09000015258789,29.959999084472656,30.579999923706055,28.893239974975586,4997300,0.0,0.0,False,totvs,TOTVS S.A.,TOTS3,Tecnologia da Informação / Software
2023-07-04,30.579999923706055,30.889999389648438,30.25,30.290000915527344,28.61923599243164,1265500,0.0,0.0,False,totvs,TOTVS S.A.,TOTS3,Tecnologia da Informação / Software
2023-07-05,30.049999237060547,31.030000686645508,29.950000762939453,30.829999923706055,29.12944984436035,2916000,0.0,0.0,False,totvs,TOTVS S.A.,TOTS3,Tecnologia da Informação / Software
2023-07-06,30.649999618530273,30.649999618530273,29.889999389648438,29.950000762939453,28.297990798950195,2694900,0.0,0.0,False,totvs,TOTVS S.A.,TOTS3,Tecnologia da Informação / Software
2023-07-07,30.1299991607666,30.639999389648438,30.010000228881836,30.5,28.817651748657227,2791100,0.0,0.0,False,totvs,TOTVS S.A.,TOTS3,Tecnologia da Informação / Software
2023-07-10,30.469999313354492,30.540000915527344,29.989999771118164,30.020000457763672,28.36412811279297,2082400,0.0,0.0,False,totvs,TOTVS S.A.,TOTS3,Tecnologia da Informação / Software
2023-07-11,29.75,30.030000686645508,29.270000457763672,29.68000030517578,28.042882919311523,3569000,0.0,0.0,False,totvs,TOTVS S.A.,TOTS3,Tecnologia da Informação / Software
2023-07-12,29.75,30.190000534057617,29.56999969482422,29.6200008392334,27.98619270324707,5364900,0.0,0.0,False,totvs,TOTVS S.A.,TOTS3,Tecnologia da Informação / Software
2023-07-13,29.6200008392334,30.489999771118164,29.40999984741211,29.940000534057617,28.288543701171875,2861900,0.0,0.0,False,totvs,TOTVS S.A.,TOTS3,Tecnologia da Informação / Software
2023-07-14,29.739999771118164,30.18000030517578,29.350000381469727,29.43000030517578,27.806671142578125,2534700,0.0,0.0,False,totvs,TOTVS S.A.,TOTS3,Tecnologia da Informação / Software
2023-07-17,29.010000228881836,29.709999084472656,28.729999542236328,29.579999923706055,27.948396682739258,3181100,0.0,0.0,False,totvs,TOTVS S.A.,TOTS3,Tecnologia da Informação / Software
2023-07-18,28.8799991607666,29.530000686645508,28.75,29.149999618530273,27.542116165161133,8497600,0.0,0.0,False,totvs,TOTVS S.A.,TOTS3,Tecnologia da Informação / Software
2023-07-19,29.1299991607666,29.260000228881836,28.729999542236328,29.010000228881836,27.409839630126953,5148800,0.0,0.0,False,totvs,TOTVS S.A.,TOTS3,Tecnologia da Informação / Software
2023-07-20,28.93000030517578,29.030000686645508,28.290000915527344,28.530000686645508,26.95631980895996,5627000,0.0,0.0,False,totvs,TOTVS S.A.,TOTS3,Tecnologia da Informação / Software
2023-07-21,28.729999542236328,29.270000457763672,28.6200008392334,29.270000457763672,27.65549659729004,4111100,0.0,0.0,False,totvs,TOTVS S.A.,TOTS3,Tecnologia da Informação / Software
2023-07-24,29.270000457763672,29.600000381469727,29.020000457763672,29.530000686645508,27.90115737915039,1976000,0.0,0.0,False,totvs,TOTVS S.A.,TOTS3,Tecnologia da Informação / Software
2023-07-25,29.899999618530273,30.079999923706055,29.299999237060547,29.450000762939453,27.82556915283203,2181000,0.0,0.0,False,totvs,TOTVS S.A.,TOTS3,Tecnologia da Informação / Software
2023-07-26,29.450000762939453,29.790000915527344,29.239999771118164,29.729999542236328,28.09012794494629,1872300,0.0,0.0,False,totvs,TOTVS S.A.,TOTS3,Tecnologia da Informação / Software
2023-07-27,29.6299991607666,30.040000915527344,29.190000534057617,29.219999313354492,27.60825538635254,3288000,0.0,0.0,False,totvs,TOTVS S.A.,TOTS3,Tecnologia da Informação / Software
2023-07-28,29.329999923706055,29.3700008392334,28.950000762939453,29.209999084472656,27.81777000427246,1620100,0.23,0.0,False,totvs,TOTVS S.A.,TOTS3,Tecnologia da Informação / Software
2023-07-31,29.3799991607666,29.84000015258789,29.15999984741211,29.56999969482422,28.160612106323242,3802200,0.0,0.0,False,totvs,TOTVS S.A.,TOTS3,Tecnologia da Informação / Software
2023-08-01,29.350000381469727,30.010000228881836,29.229999542236328,29.610000610351562,28.198707580566406,3693400,0.0,0.0,False,totvs,TOTVS S.A.,TOTS3,Tecnologia da Informação / Software
2023-08-02,29.639999389648438,29.780000686645508,29.329999923706055,29.469999313354492,28.06537437438965,1943300,0.0,0.0,False,totvs,TOTVS S.A.,TOTS3,Tecnologia da Informação / Software
2023-08-03,29.850000381469727,30.389999389648438,29.510000228881836,29.56999969482422,28.160612106323242,4072200,0.0,0.0,False,totvs,TOTVS S.A.,TOTS3,Tecnologia da Informação / Software
2023-08-04,29.56999969482422,29.850000381469727,29.139999389648438,29.309999465942383,27.91300392150879,1821800,0.0,0.0,False,totvs,TOTVS S.A.,TOTS3,Tecnologia da Informação / Software
2023-08-07,29.209999084472656,29.670000076293945,29.030000686645508,29.6200008392334,28.20823097229004,1767500,0.0,0.0,False,totvs,TOTVS S.A.,TOTS3,Tecnologia da Informação / Software
2023-08-08,29.18000030517578,29.600000381469727,28.770000457763672,29.469999313354492,28.06537437438965,3331500,0.0,0.0,False,totvs,TOTVS S.A.,TOTS3,Tecnologia da Informação / Software
2023-08-09,28.399999618530273,28.75,27.459999084472656,28.290000915527344,26.941617965698242,19720100,0.0,0.0,False,totvs,TOTVS S.A.,TOTS3,Tecnologia da Informação / Software
2023-08-10,28.510000228881836,28.75,27.8799991607666,27.899999618530273,26.570207595825195,7463000,0.0,0.0,False,totvs,TOTVS S.A.,TOTS3,Tecnologia da Informação / Software
2023-08-11,27.75,28.010000228881836,27.030000686645508,27.329999923706055,26.027374267578125,8463000,0.0,0.0,False,totvs,TOTVS S.A.,TOTS3,Tecnologia da Informação / Software
2023-08-14,27.110000610351562,27.6200008392334,26.860000610351562,27.510000228881836,26.198795318603516,4358800,0.0,0.0,False,totvs,TOTVS S.A.,TOTS3,Tecnologia da Informação / Software
2023-08-15,27.469999313354492,27.670000076293945,27.1200008392334,27.5,26.189273834228516,4282300,0.0,0.0,False,totvs,TOTVS S.A.,TOTS3,Tecnologia da Informação / Software
2023-08-16,27.440000534057617,27.829999923706055,27.360000610351562,27.389999389648438,26.084514617919922,4447000,0.0,0.0,False,totvs,TOTVS S.A.,TOTS3,Tecnologia da Informação / Software
2023-08-17,27.579999923706055,28.360000610351562,27.489999771118164,27.719999313354492,26.398784637451172,8731700,0.0,0.0,False,totvs,TOTVS S.A.,TOTS3,Tecnologia da Informação / Software
2023-08-18,27.719999313354492,28.43000030517578,27.56999969482422,27.920000076293945,26.58925437927246,4786500,0.0,0.0,False,totvs,TOTVS S.A.,TOTS3,Tecnologia da Informação / Software
2023-08-21,27.889999389648438,28.190000534057617,27.600000381469727,27.6299991607666,26.31307601928711,2966500,0.0,0.0,False,totvs,TOTVS S.A.,TOTS3,Tecnologia da Informação / Software
2023-08-22,27.690000534057617,28.5,27.690000534057617,27.8799991607666,26.551158905029297,5318300,0.0,0.0,False,totvs,TOTVS S.A.,TOTS3,Tecnologia da Informação / Software
2023-08-23,27.8700008392334,28.43000030517578,27.860000610351562,28.260000228881836,26.913049697875977,3882500,0.0,0.0,False,totvs,TOTVS S.A.,TOTS3,Tecnologia da Informação / Software
2023-08-24,28.350000381469727,28.56999969482422,28.100000381469727,28.190000534057617,26.846384048461914,2668100,0.0,0.0,False,totvs,TOTVS S.A.,TOTS3,Tecnologia da Informação / Software
2023-08-25,28.170000076293945,28.18000030517578,27.600000381469727,27.850000381469727,26.522592544555664,3827200,0.0,0.0,False,totvs,TOTVS S.A.,TOTS3,Tecnologia da Informação / Software
2023-08-28,28.079999923706055,28.389999389648438,28.010000228881836,28.260000228881836,26.913049697875977,2853300,0.0,0.0,False,totvs,TOTVS S.A.,TOTS3,Tecnologia da Informação / Software
2023-08-29,28.420000076293945,28.780000686645508,28.309999465942383,28.6299991607666,27.265411376953125,1918600,0.0,0.0,False,totvs,TOTVS S.A.,TOTS3,Tecnologia da Informação / Software
2023-08-30,28.81999969482422,28.979999542236328,28.399999618530273,28.510000228881836,27.151134490966797,2601300,0.0,0.0,False,totvs,TOTVS S.A.,TOTS3,Tecnologia da Informação / Software
2023-08-31,28.40999984741211,28.59000015258789,27.40999984741211,27.739999771118164,26.417835235595703,6230600,0.0,0.0,False,totvs,TOTVS S.A.,TOTS3,Tecnologia da Informação / Software
2023-09-01,27.75,28.260000228881836,27.739999771118164,27.799999237060547,26.474977493286133,2345400,0.0,0.0,False,totvs,TOTVS S.A.,TOTS3,Tecnologia da Informação / Software
2023-09-04,27.649999618530273,27.940000534057617,27.479999542236328,27.940000534057617,26.608304977416992,1429200,0.0,0.0,False,totvs,TOTVS S.A.,TOTS3,Tecnologia da Informação / Software
2023-09-05,27.8799991607666,28.030000686645508,27.600000381469727,27.729999542236328,26.408313751220703,3448200,0.0,0.0,False,totvs,TOTVS S.A.,TOTS3,Tecnologia da Informação / Software
2023-09-06,27.670000076293945,27.899999618530273,27.600000381469727,27.760000228881836,26.43688201904297,5179600,0.0,0.0,False,totvs,TOTVS S.A.,TOTS3,Tecnologia da Informação / Software
2023-09-08,27.690000534057617,27.860000610351562,27.43000030517578,27.700000762939453,26.379741668701172,4111700,0.0,0.0,False,totvs,TOTVS S.A.,TOTS3,Tecnologia da Informação / Software
2023-09-11,27.770000457763672,28.190000534057617,27.530000686645508,28.030000686645508,26.694013595581055,10174700,0.0,0.0,False,totvs,TOTVS S.A.,TOTS3,Tecnologia da Informação / Software
2023-09-12,28.030000686645508,28.700000762939453,27.969999313354492,28.6200008392334,27.255891799926758,2581700,0.0,0.0,False,totvs,TOTVS S.A.,TOTS3,Tecnologia da Informação / Software
2023-09-13,28.520000457763672,29.25,28.43000030517578,28.700000762939453,27.332077026367188,8856300,0.0,0.0,False,totvs,TOTVS S.A.,TOTS3,Tecnologia da Informação / Software
2023-09-14,28.690000534057617,29.209999084472656,28.690000534057617,29.059999465942383,27.6749210357666,5292100,0.0,0.0,False,totvs,TOTVS S.A.,TOTS3,Tecnologia da Informação / Software
2023-09-15,29.219999313354492,29.700000762939453,29.170000076293945,29.5,28.093952178955078,6460600,0.0,0.0,False,totvs,TOTVS S.A.,TOTS3,Tecnologia da Informação / Software
2023-09-18,29.479999542236328,29.549999237060547,28.290000915527344,28.290000915527344,26.941617965698242,3485500,0.0,0.0,False,totvs,TOTVS S.A.,TOTS3,Tecnologia da Informação / Software
2023-09-19,28.209999084472656,28.440000534057617,26.809999465942383,26.899999618530273,25.617870330810547,11595400,0.0,0.0,False,totvs,TOTVS S.A.,TOTS3,Tecnologia da Informação / Software
2023-09-20,26.969999313354492,27.719999313354492,26.739999771118164,27.010000228881836,25.722625732421875,6217200,0.0,0.0,False,totvs,TOTVS S.A.,TOTS3,Tecnologia da Informação / Software
2023-09-21,26.639999389648438,26.829999923706055,26.329999923706055,26.34000015258789,25.084564208984375,4832900,0.0,0.0,False,totvs,TOTVS S.A.,TOTS3,Tecnologia da Informação / Software
2023-09-22,26.540000915527344,26.649999618530273,26.350000381469727,26.420000076293945,25.160747528076172,2757300,0.0,0.0,False,totvs,TOTVS S.A.,TOTS3,Tecnologia da Informação / Software
2023-09-25,26.450000762939453,27.0,26.40999984741211,26.940000534057617,25.655967712402344,3293000,0.0,0.0,False,totvs,TOTVS S.A.,TOTS3,Tecnologia da Informação / Software
2023-09-26,26.81999969482422,27.040000915527344,26.260000228881836,26.40999984741211,25.15122413635254,3629300,0.0,0.0,False,totvs,TOTVS S.A.,TOTS3,Tecnologia da Informação / Software
2023-09-27,26.450000762939453,26.6299991607666,26.25,26.450000762939453,25.189319610595703,4790500,0.0,0.0,False,totvs,TOTVS S.A.,TOTS3,Tecnologia da Informação / Software
2023-09-28,26.450000762939453,26.770000457763672,26.1299991607666,26.75,25.475021362304688,3050900,0.0,0.0,False,totvs,TOTVS S.A.,TOTS3,Tecnologia da Informação / Software
2023-09-29,26.90999984741211,27.389999389648438,26.799999237060547,27.0,25.713106155395508,4040400,0.0,0.0,False,totvs,TOTVS S.A.,TOTS3,Tecnologia da Informação / Software
2023-10-02,27.040000915527344,27.34000015258789,26.84000015258789,27.190000534057617,25.8940486907959,2873700,0.0,0.0,False,totvs,TOTVS S.A.,TOTS3,Tecnologia da Informação / Software
2023-10-03,27.059999465942383,27.170000076293945,26.25,26.260000228881836,25.008373260498047,2365800,0.0,0.0,False,totvs,TOTVS S.A.,TOTS3,Tecnologia da Informação / Software
2023-10-04,26.190000534057617,26.920000076293945,26.020000457763672,26.799999237060547,25.522634506225586,2778500,0.0,0.0,False,totvs,TOTVS S.A.,TOTS3,Tecnologia da Informação / Software
2023-10-05,26.6299991607666,26.93000030517578,26.350000381469727,26.639999389648438,25.370262145996094,1975900,0.0,0.0,False,totvs,TOTVS S.A.,TOTS3,Tecnologia da Informação / Software
2023-10-06,26.270000457763672,26.639999389648438,26.010000228881836,26.510000228881836,25.2464599609375,1977300,0.0,0.0,False,totvs,TOTVS S.A.,TOTS3,Tecnologia da Informação / Software
2023-10-09,26.219999313354492,27.15999984741211,26.219999313354492,27.0,25.713106155395508,3353000,0.0,0.0,False,totvs,TOTVS S.A.,TOTS3,Tecnologia da Informação / Software
2023-10-10,27.06999969482422,27.65999984741211,27.06999969482422,27.5,26.189273834228516,1955200,0.0,0.0,False,totvs,TOTVS S.A.,TOTS3,Tecnologia da Informação / Software
2023-10-11,27.559999465942383,27.8700008392334,27.260000228881836,27.479999542236328,26.17022705078125,2566500,0.0,0.0,False,totvs,TOTVS S.A.,TOTS3,Tecnologia da Informação / Software
2023-10-13,27.350000381469727,27.520000457763672,26.600000381469727,26.760000228881836,25.48454475402832,3229100,0.0,0.0,False,totvs,TOTVS S.A.,TOTS3,Tecnologia da Informação / Software
2023-10-16,27.0,27.229999542236328,26.56999969482422,26.8799991607666,25.59882354736328,2934100,0.0,0.0,False,totvs,TOTVS S.A.,TOTS3,Tecnologia da Informação / Software
2023-10-17,26.68000030517578,27.219999313354492,26.549999237060547,26.719999313354492,25.446449279785156,4690400,0.0,0.0,False,totvs,TOTVS S.A.,TOTS3,Tecnologia da Informação / Software
2023-10-18,26.530000686645508,26.600000381469727,26.0,26.059999465942383,24.817907333374023,3469400,0.0,0.0,False,totvs,TOTVS S.A.,TOTS3,Tecnologia da Informação / Software
2023-10-19,26.059999465942383,26.299999237060547,25.799999237060547,26.139999389648438,24.894092559814453,3009000,0.0,0.0,False,totvs,TOTVS S.A.,TOTS3,Tecnologia da Informação / Software
2023-10-20,25.75,26.25,25.709999084472656,25.729999542236328,24.503637313842773,2679100,0.0,0.0,False,totvs,TOTVS S.A.,TOTS3,Tecnologia da Informação / Software
2023-10-23,25.649999618530273,26.040000915527344,25.56999969482422,25.75,24.522687911987305,2903300,0.0,0.0,False,totvs,TOTVS S.A.,TOTS3,Tecnologia da Informação / Software
2023-10-24,25.950000762939453,26.059999465942383,25.540000915527344,25.600000381469727,24.379831314086914,3735600,0.0,0.0,False,totvs,TOTVS S.A.,TOTS3,Tecnologia da Informação / Software
2023-10-25,25.649999618530273,25.780000686645508,25.229999542236328,25.5,24.284597396850586,3956600,0.0,0.0,False,totvs,TOTVS S.A.,TOTS3,Tecnologia da Informação / Software
2023-10-26,25.68000030517578,26.530000686645508,25.6200008392334,26.399999618530273,25.14170265197754,3587800,0.0,0.0,False,totvs,TOTVS S.A.,TOTS3,Tecnologia da Informação / Software
2023-10-27,26.25,26.829999923706055,25.559999465942383,25.559999465942383,24.341739654541016,3071100,0.0,0.0,False,totvs,TOTVS S.A.,TOTS3,Tecnologia da Informação / Software
2023-10-30,25.690000534057617,25.719999313354492,24.93000030517578,25.110000610351562,23.91318702697754,2348500,0.0,0.0,False,totvs,TOTVS S.A.,TOTS3,Tecnologia da Informação / Software
2023-10-31,25.290000915527344,25.600000381469727,25.190000534057617,25.309999465942383,24.103656768798828,3310600,0.0,0.0,False,totvs,TOTVS S.A.,TOTS3,Tecnologia da Informação / Software
2023-11-01,25.510000228881836,26.329999923706055,25.31999969482422,26.260000228881836,25.008373260498047,3499200,0.0,0.0,False,totvs,TOTVS S.A.,TOTS3,Tecnologia da Informação / Software
2023-11-03,26.579999923706055,27.799999237060547,26.399999618530273,27.709999084472656,26.389263153076172,4218100,0.0,0.0,False,totvs,TOTVS S.A.,TOTS3,Tecnologia da Informação / Software
2023-11-06,27.700000762939453,27.81999969482422,27.200000762939453,27.700000762939453,26.379741668701172,2072300,0.0,0.0,False,totvs,TOTVS S.A.,TOTS3,Tecnologia da Informação / Software
2023-11-07,27.690000534057617,28.959999084472656,27.549999237060547,28.690000534057617,27.322555541992188,6276800,0.0,0.0,False,totvs,TOTVS S.A.,TOTS3,Tecnologia da Informação / Software
2023-11-08,29.690000534057617,30.899999618530273,29.270000457763672,30.309999465942383,28.865339279174805,16516800,0.0,0.0,False,totvs,TOTVS S.A.,TOTS3,Tecnologia da Informação / Software
2023-11-09,30.299999237060547,31.040000915527344,30.190000534057617,30.979999542236328,29.503408432006836,4391300,0.0,0.0,False,totvs,TOTVS S.A.,TOTS3,Tecnologia da Informação / Software
2023-11-10,30.700000762939453,31.940000534057617,30.5,31.799999237060547,30.28432273864746,4915800,0.0,0.0,False,totvs,TOTVS S.A.,TOTS3,Tecnologia da Informação / Software
2023-11-13,31.700000762939453,33.06999969482422,31.700000762939453,32.70000076293945,31.141422271728516,10915900,0.0,0.0,False,totvs,TOTVS S.A.,TOTS3,Tecnologia da Informação / Software
2023-11-14,32.91999816894531,33.650001525878906,32.45000076293945,32.630001068115234,31.074766159057617,8398300,0.0,0.0,False,totvs,TOTVS S.A.,TOTS3,Tecnologia da Informação / Software
2023-11-16,32.630001068115234,33.560001373291016,32.20000076293945,33.43000030517578,31.836631774902344,9614700,0.0,0.0,False,totvs,TOTVS S.A.,TOTS3,Tecnologia da Informação / Software
2023-11-17,33.650001525878906,33.97999954223633,32.439998626708984,32.529998779296875,30.97952651977539,8597000,0.0,0.0,False,totvs,TOTVS S.A.,TOTS3,Tecnologia da Informação / Software
2023-11-20,32.63999938964844,33.029998779296875,32.09000015258789,33.029998779296875,31.455698013305664,5620700,0.0,0.0,False,totvs,TOTVS S.A.,TOTS3,Tecnologia da Informação / Software
2023-11-21,32.81999969482422,32.9900016784668,32.0,32.9900016784668,31.417606353759766,7733200,0.0,0.0,False,totvs,TOTVS S.A.,TOTS3,Tecnologia da Informação / Software
2023-11-22,32.970001220703125,33.95000076293945,32.869998931884766,33.40999984741211,31.817581176757812,6708200,0.0,0.0,False,totvs,TOTVS S.A.,TOTS3,Tecnologia da Informação / Software
2023-11-23,33.40999984741211,33.40999984741211,32.88999938964844,33.0,31.427127838134766,2440500,0.0,0.0,False,totvs,TOTVS S.A.,TOTS3,Tecnologia da Informação / Software
2023-11-24,33.0,33.0,32.18000030517578,32.33000183105469,30.789066314697266,3115800,0.0,0.0,False,totvs,TOTVS S.A.,TOTS3,Tecnologia da Informação / Software
2023-11-27,32.56999969482422,33.220001220703125,32.209999084472656,33.09000015258789,31.512836456298828,3138300,0.0,0.0,False,totvs,TOTVS S.A.,TOTS3,Tecnologia da Informação / Software
2023-11-28,33.150001525878906,34.09000015258789,33.04999923706055,33.560001373291016,31.960439682006836,2727600,0.0,0.0,False,totvs,TOTVS S.A.,TOTS3,Tecnologia da Informação / Software
2023-11-29,33.5099983215332,33.970001220703125,33.380001068115234,33.47999954223633,31.884248733520508,3491300,0.0,0.0,False,totvs,TOTVS S.A.,TOTS3,Tecnologia da Informação / Software
2023-11-30,33.459999084472656,33.66999816894531,33.0,33.310001373291016,31.722354888916016,6671700,0.0,0.0,False,totvs,TOTVS S.A.,TOTS3,Tecnologia da Informação / Software
2023-12-01,33.380001068115234,33.93000030517578,33.0,33.84000015258789,32.227088928222656,4222700,0.0,0.0,False,totvs,TOTVS S.A.,TOTS3,Tecnologia da Informação / Software
2023-12-04,33.779998779296875,34.279998779296875,33.70000076293945,34.15999984741211,32.531837463378906,3092800,0.0,0.0,False,totvs,TOTVS S.A.,TOTS3,Tecnologia da Informação / Software
2023-12-05,34.08000183105469,34.65999984741211,33.939998626708984,34.220001220703125,32.790565490722656,3327900,0.21,0.0,False,totvs,TOTVS S.A.,TOTS3,Tecnologia da Informação / Software
2023-12-06,34.38999938964844,34.619998931884766,34.29999923706055,34.43000030517578,32.991790771484375,1934100,0.0,0.0,False,totvs,TOTVS S.A.,TOTS3,Tecnologia da Informação / Software
2023-12-07,34.66999816894531,34.70000076293945,34.2400016784668,34.599998474121094,33.154685974121094,1771000,0.0,0.0,False,totvs,TOTVS S.A.,TOTS3,Tecnologia da Informação / Software
2023-12-08,34.75,34.880001068115234,33.97999954223633,34.36000061035156,32.924713134765625,3756400,0.0,0.0,False,totvs,TOTVS S.A.,TOTS3,Tecnologia da Informação / Software
2023-12-11,34.02000045776367,34.56999969482422,33.66999816894531,33.7400016784668,32.33061218261719,3949200,0.0,0.0,False,totvs,TOTVS S.A.,TOTS3,Tecnologia da Informação / Software
2023-12-12,33.959999084472656,34.099998474121094,32.439998626708984,32.54999923706055,31.190319061279297,8252900,0.0,0.0,False,totvs,TOTVS S.A.,TOTS3,Tecnologia da Informação / Software
2023-12-13,32.5,34.13999938964844,32.349998474121094,33.95000076293945,32.531837463378906,5120500,0.0,0.0,False,totvs,TOTVS S.A.,TOTS3,Tecnologia da Informação / Software
2023-12-14,34.29999923706055,34.54999923706055,33.470001220703125,34.189998626708984,32.76181411743164,4693900,0.0,0.0,False,totvs,TOTVS S.A.,TOTS3,Tecnologia da Informação / Software
2023-12-15,34.189998626708984,34.75,33.400001525878906,33.91999816894531,32.50308609008789,3942100,0.0,0.0,False,totvs,TOTVS S.A.,TOTS3,Tecnologia da Informação / Software
2023-12-18,33.88999938964844,34.08000183105469,33.5,33.7400016784668,32.33061218261719,3099500,0.0,0.0,False,totvs,TOTVS S.A.,TOTS3,Tecnologia da Informação / Software
2023-12-19,33.63999938964844,34.45000076293945,33.63999938964844,34.45000076293945,33.010955810546875,2109300,0.0,0.0,False,totvs,TOTVS S.A.,TOTS3,Tecnologia da Informação / Software
2023-12-20,34.209999084472656,34.209999084472656,32.54999923706055,33.060001373291016,31.67901611328125,5407400,0.0,0.0,False,totvs,TOTVS S.A.,TOTS3,Tecnologia da Informação / Software
2023-12-21,33.349998474121094,33.709999084472656,33.130001068115234,33.349998474121094,31.95690155029297,3251200,0.0,0.0,False,totvs,TOTVS S.A.,TOTS3,Tecnologia da Informação / Software
2023-12-22,33.59000015258789,33.650001525878906,32.779998779296875,32.849998474121094,31.4777889251709,2187000,0.0,0.0,False,totvs,TOTVS S.A.,TOTS3,Tecnologia da Informação / Software
2023-12-26,33.08000183105469,33.529998779296875,32.900001525878906,33.529998779296875,32.12937927246094,1542500,0.0,0.0,False,totvs,TOTVS S.A.,TOTS3,Tecnologia da Informação / Software
2023-12-27,33.349998474121094,33.97999954223633,33.20000076293945,33.97999954223633,32.56058120727539,1833100,0.0,0.0,False,totvs,TOTVS S.A.,TOTS3,Tecnologia da Informação / Software
2023-12-28,34.0,34.27000045776367,33.25,33.689998626708984,32.28269958496094,2839400,0.0,0.0,False,totvs,TOTVS S.A.,TOTS3,Tecnologia da Informação / Software
2024-01-02,33.130001068115234,33.38999938964844,32.5,33.0,31.62152862548828,2837100,0.0,0.0,False,totvs,TOTVS S.A.,TOTS3,Tecnologia da Informação / Software
2024-01-03,32.97999954223633,33.220001220703125,32.84000015258789,32.959999084472656,31.58319091796875,3030700,0.0,0.0,False,totvs,TOTVS S.A.,TOTS3,Tecnologia da Informação / Software
2024-01-04,32.939998626708984,32.939998626708984,31.90999984741211,32.099998474121094,30.759117126464844,3736300,0.0,0.0,False,totvs,TOTVS S.A.,TOTS3,Tecnologia da Informação / Software
2024-01-05,31.90999984741211,32.47999954223633,31.790000915527344,32.279998779296875,30.931594848632812,2165900,0.0,0.0,False,totvs,TOTVS S.A.,TOTS3,Tecnologia da Informação / Software
2024-01-08,32.279998779296875,32.720001220703125,31.940000534057617,32.4900016784668,31.132829666137695,2512800,0.0,0.0,False,totvs,TOTVS S.A.,TOTS3,Tecnologia da Informação / Software
2024-01-09,32.130001068115234,32.97999954223633,32.08000183105469,32.529998779296875,31.171154022216797,2537000,0.0,0.0,False,totvs,TOTVS S.A.,TOTS3,Tecnologia da Informação / Software
2024-01-10,32.619998931884766,32.70000076293945,32.27000045776367,32.439998626708984,31.084915161132812,1756900,0.0,0.0,False,totvs,TOTVS S.A.,TOTS3,Tecnologia da Informação / Software
2024-01-11,32.369998931884766,32.79999923706055,32.13999938964844,32.43000030517578,31.075336456298828,3116600,0.0,0.0,False,totvs,TOTVS S.A.,TOTS3,Tecnologia da Informação / Software
2024-01-12,32.25,32.959999084472656,32.02000045776367,32.75,31.38196563720703,2009100,0.0,0.0,False,totvs,TOTVS S.A.,TOTS3,Tecnologia da Informação / Software
2024-01-15,32.7400016784668,32.7400016784668,32.099998474121094,32.439998626708984,31.084915161132812,1117000,0.0,0.0,False,totvs,TOTVS S.A.,TOTS3,Tecnologia da Informação / Software
2024-01-16,32.06999969482422,32.38999938964844,31.739999771118164,32.220001220703125,30.87410545349121,3017200,0.0,0.0,False,totvs,TOTVS S.A.,TOTS3,Tecnologia da Informação / Software
2024-01-17,32.09000015258789,32.45000076293945,31.920000076293945,32.27000045776367,30.92201805114746,2378400,0.0,0.0,False,totvs,TOTVS S.A.,TOTS3,Tecnologia da Informação / Software
2024-01-18,32.31999969482422,32.349998474121094,31.40999984741211,31.40999984741211,30.09794044494629,2211200,0.0,0.0,False,totvs,TOTVS S.A.,TOTS3,Tecnologia da Informação / Software
2024-01-19,31.3700008392334,31.829999923706055,30.989999771118164,31.719999313354492,30.394990921020508,3164000,0.0,0.0,False,totvs,TOTVS S.A.,TOTS3,Tecnologia da Informação / Software
2024-01-22,31.700000762939453,31.729999542236328,30.25,30.40999984741211,29.139711380004883,4855100,0.0,0.0,False,totvs,TOTVS S.A.,TOTS3,Tecnologia da Informação / Software
2024-01-23,30.420000076293945,30.959999084472656,30.239999771118164,30.959999084472656,29.666736602783203,3308700,0.0,0.0,False,totvs,TOTVS S.A.,TOTS3,Tecnologia da Informação / Software
2024-01-24,31.309999465942383,31.68000030517578,30.860000610351562,30.90999984741211,29.61882972717285,3813800,0.0,0.0,False,totvs,TOTVS S.A.,TOTS3,Tecnologia da Informação / Software
2024-01-25,30.899999618530273,31.190000534057617,30.6299991607666,30.899999618530273,29.609243392944336,1434500,0.0,0.0,False,totvs,TOTVS S.A.,TOTS3,Tecnologia da Informação / Software
2024-01-26,31.1299991607666,31.34000015258789,30.649999618530273,30.8799991607666,29.59008026123047,1378000,0.0,0.0,False,totvs,TOTVS S.A.,TOTS3,Tecnologia da Informação / Software
2024-01-29,30.809999465942383,31.59000015258789,30.709999084472656,31.43000030517578,30.117107391357422,2758800,0.0,0.0,False,totvs,TOTVS S.A.,TOTS3,Tecnologia da Informação / Software
2024-01-30,31.260000228881836,31.549999237060547,30.969999313354492,31.18000030517578,29.877546310424805,1959800,0.0,0.0,False,totvs,TOTVS S.A.,TOTS3,Tecnologia da Informação / Software
2024-01-31,31.31999969482422,32.15999984741211,31.1200008392334,31.520000457763672,30.203344345092773,3297400,0.0,0.0,False,totvs,TOTVS S.A.,TOTS3,Tecnologia da Informação / Software
2024-02-01,31.5,32.02000045776367,31.15999984741211,32.02000045776367,30.682458877563477,2890300,0.0,0.0,False,totvs,TOTVS S.A.,TOTS3,Tecnologia da Informação / Software
2024-02-02,32.130001068115234,32.33000183105469,31.350000381469727,31.68000030517578,30.35666275024414,2723000,0.0,0.0,False,totvs,TOTVS S.A.,TOTS3,Tecnologia da Informação / Software
2024-02-05,31.579999923706055,31.959999084472656,31.5,31.790000915527344,30.46207046508789,2281100,0.0,0.0,False,totvs,TOTVS S.A.,TOTS3,Tecnologia da Informação / Software
2024-02-06,31.790000915527344,32.560001373291016,31.649999618530273,32.349998474121094,30.998674392700195,1640900,0.0,0.0,False,totvs,TOTVS S.A.,TOTS3,Tecnologia da Informação / Software
2024-02-07,32.08000183105469,33.040000915527344,32.0,32.849998474121094,31.4777889251709,3449600,0.0,0.0,False,totvs,TOTVS S.A.,TOTS3,Tecnologia da Informação / Software
2024-02-08,30.0,30.969999313354492,29.329999923706055,29.639999389648438,28.40187644958496,18285400,0.0,0.0,False,totvs,TOTVS S.A.,TOTS3,Tecnologia da Informação / Software
2024-02-09,29.56999969482422,30.84000015258789,29.25,30.6200008392334,29.3409423828125,6941000,0.0,0.0,False,totvs,TOTVS S.A.,TOTS3,Tecnologia da Informação / Software
2024-02-14,30.280000686645508,30.610000610351562,29.860000610351562,29.989999771118164,28.73725700378418,6295600,0.0,0.0,False,totvs,TOTVS S.A.,TOTS3,Tecnologia da Informação / Software
2024-02-15,30.290000915527344,30.780000686645508,29.920000076293945,30.639999389648438,29.360105514526367,4483100,0.0,0.0,False,totvs,TOTVS S.A.,TOTS3,Tecnologia da Informação / Software
2024-02-16,30.780000686645508,31.0,30.31999969482422,30.84000015258789,29.5517520904541,4937200,0.0,0.0,False,totvs,TOTVS S.A.,TOTS3,Tecnologia da Informação / Software
2024-02-19,30.6200008392334,30.93000030517578,30.329999923706055,30.8700008392334,29.58049774169922,2262100,0.0,0.0,False,totvs,TOTVS S.A.,TOTS3,Tecnologia da Informação / Software
2024-02-20,30.5,31.09000015258789,30.299999237060547,31.049999237060547,29.752981185913086,6852300,0.0,0.0,False,totvs,TOTVS S.A.,TOTS3,Tecnologia da Informação / Software
2024-02-21,30.950000762939453,31.170000076293945,30.639999389648438,31.049999237060547,29.752981185913086,3345100,0.0,0.0,False,totvs,TOTVS S.A.,TOTS3,Tecnologia da Informação / Software
2024-02-22,31.329999923706055,31.899999618530273,31.010000228881836,31.780000686645508,30.452486038208008,5913300,0.0,0.0,False,totvs,TOTVS S.A.,TOTS3,Tecnologia da Informação / Software
2024-02-23,31.989999771118164,32.369998931884766,31.469999313354492,31.530000686645508,30.212928771972656,3076400,0.0,0.0,False,totvs,TOTVS S.A.,TOTS3,Tecnologia da Informação / Software
2024-02-26,31.530000686645508,31.979999542236328,31.469999313354492,31.520000457763672,30.203344345092773,2013400,0.0,0.0,False,totvs,TOTVS S.A.,TOTS3,Tecnologia da Informação / Software
2024-02-27,31.719999313354492,31.860000610351562,31.15999984741211,31.260000228881836,29.954208374023438,3407100,0.0,0.0,False,totvs,TOTVS S.A.,TOTS3,Tecnologia da Informação / Software
2024-02-28,31.0,31.15999984741211,30.56999969482422,30.84000015258789,29.5517520904541,2046000,0.0,0.0,False,totvs,TOTVS S.A.,TOTS3,Tecnologia da Informação / Software
2024-02-29,30.729999542236328,31.280000686645508,30.440000534057617,30.690000534057617,29.408018112182617,7009900,0.0,0.0,False,totvs,TOTVS S.A.,TOTS3,Tecnologia da Informação / Software
2024-03-01,30.829999923706055,31.309999465942383,30.829999923706055,31.15999984741211,29.85838508605957,4182000,0.0,0.0,False,totvs,TOTVS S.A.,TOTS3,Tecnologia da Informação / Software
2024-03-04,31.15999984741211,31.3700008392334,30.760000228881836,30.760000228881836,29.47509002685547,3044600,0.0,0.0,False,totvs,TOTVS S.A.,TOTS3,Tecnologia da Informação / Software
2024-03-05,30.739999771118164,31.079999923706055,30.350000381469727,30.440000534057617,29.168460845947266,2535500,0.0,0.0,False,totvs,TOTVS S.A.,TOTS3,Tecnologia da Informação / Software
2024-03-06,30.59000015258789,31.350000381469727,30.350000381469727,31.200000762939453,29.896713256835938,4797100,0.0,0.0,False,totvs,TOTVS S.A.,TOTS3,Tecnologia da Informação / Software
2024-03-07,31.079999923706055,31.229999542236328,29.530000686645508,30.079999923706055,28.823497772216797,6562300,0.0,0.0,False,totvs,TOTVS S.A.,TOTS3,Tecnologia da Informação / Software
2024-03-08,29.790000915527344,30.3700008392334,29.770000457763672,30.1299991607666,28.871408462524414,2502200,0.0,0.0,False,totvs,TOTVS S.A.,TOTS3,Tecnologia da Informação / Software
2024-03-11,29.809999465942383,30.270000457763672,29.809999465942383,30.209999084472656,28.94806480407715,3491100,0.0,0.0,False,totvs,TOTVS S.A.,TOTS3,Tecnologia da Informação / Software
2024-03-12,30.329999923706055,31.450000762939453,30.110000610351562,31.209999084472656,29.906293869018555,3167500,0.0,0.0,False,totvs,TOTVS S.A.,TOTS3,Tecnologia da Informação / Software
2024-03-13,31.209999084472656,31.549999237060547,30.989999771118164,31.200000762939453,29.896713256835938,2012500,0.0,0.0,False,totvs,TOTVS S.A.,TOTS3,Tecnologia da Informação / Software
2024-03-14,31.09000015258789,31.479999542236328,30.799999237060547,31.0,29.705066680908203,5137100,0.0,0.0,False,totvs,TOTVS S.A.,TOTS3,Tecnologia da Informação / Software
2024-03-15,31.25,31.270000457763672,30.969999313354492,30.989999771118164,29.695486068725586,4284200,0.0,0.0,False,totvs,TOTVS S.A.,TOTS3,Tecnologia da Informação / Software
2024-03-18,30.979999542236328,31.020000457763672,30.0,30.06999969482422,28.81391716003418,3003400,0.0,0.0,False,totvs,TOTVS S.A.,TOTS3,Tecnologia da Informação / Software
2024-03-19,30.260000228881836,30.3799991607666,29.6200008392334,30.100000381469727,28.842662811279297,3028400,0.0,0.0,False,totvs,TOTVS S.A.,TOTS3,Tecnologia da Informação / Software
2024-03-20,30.290000915527344,30.68000030517578,30.049999237060547,30.670000076293945,29.388851165771484,2162900,0.0,0.0,False,totvs,TOTVS S.A.,TOTS3,Tecnologia da Informação / Software
2024-03-21,30.670000076293945,31.34000015258789,30.6299991607666,31.0,29.705066680908203,1992800,0.0,0.0,False,totvs,TOTVS S.A.,TOTS3,Tecnologia da Informação / Software
2024-03-22,30.6299991607666,30.889999389648438,30.06999969482422,30.520000457763672,29.2451171875,1850800,0.0,0.0,False,totvs,TOTVS S.A.,TOTS3,Tecnologia da Informação / Software
2024-03-25,30.389999389648438,30.559999465942383,30.0,30.239999771118164,28.9768123626709,1668700,0.0,0.0,False,totvs,TOTVS S.A.,TOTS3,Tecnologia da Informação / Software
2024-03-26,29.329999923706055,29.399999618530273,28.440000534057617,28.489999771118164,27.29991340637207,8248300,0.0,0.0,False,totvs,TOTVS S.A.,TOTS3,Tecnologia da Informação / Software
2024-03-27,28.399999618530273,29.25,27.81999969482422,29.030000686645508,27.81736183166504,6564700,0.0,0.0,False,totvs,TOTVS S.A.,TOTS3,Tecnologia da Informação / Software
2024-03-28,29.020000457763672,29.020000457763672,28.31999969482422,28.3799991607666,27.194509506225586,5946700,0.0,0.0,False,totvs,TOTVS S.A.,TOTS3,Tecnologia da Informação / Software
2024-04-01,28.3799991607666,28.549999237060547,27.8700008392334,28.1299991607666,26.9549503326416,3829600,0.0,0.0,False,totvs,TOTVS S.A.,TOTS3,Tecnologia da Informação / Software
2024-04-02,27.8700008392334,28.190000534057617,27.280000686645508,27.850000381469727,26.686649322509766,4202000,0.0,0.0,False,totvs,TOTVS S.A.,TOTS3,Tecnologia da Informação / Software
2024-04-03,27.829999923706055,28.18000030517578,27.510000228881836,27.829999923706055,26.6674861907959,3825200,0.0,0.0,False,totvs,TOTVS S.A.,TOTS3,Tecnologia da Informação / Software
2024-04-04,28.020000457763672,28.700000762939453,27.6299991607666,28.25,27.0699405670166,5065300,0.0,0.0,False,totvs,TOTVS S.A.,TOTS3,Tecnologia da Informação / Software
2024-04-05,28.399999618530273,28.579999923706055,28.149999618530273,28.260000228881836,27.07952117919922,3660100,0.0,0.0,False,totvs,TOTVS S.A.,TOTS3,Tecnologia da Informação / Software
2024-04-08,28.479999542236328,28.65999984741211,28.350000381469727,28.420000076293945,27.232837677001953,2003000,0.0,0.0,False,totvs,TOTVS S.A.,TOTS3,Tecnologia da Informação / Software
2024-04-09,28.43000030517578,28.780000686645508,27.959999084472656,28.079999923706055,26.907041549682617,6333100,0.0,0.0,False,totvs,TOTVS S.A.,TOTS3,Tecnologia da Informação / Software
2024-04-10,27.899999618530273,28.170000076293945,27.579999923706055,27.729999542236328,26.5716609954834,7363400,0.0,0.0,False,totvs,TOTVS S.A.,TOTS3,Tecnologia da Informação / Software
2024-04-11,27.700000762939453,27.84000015258789,27.469999313354492,27.469999313354492,26.32252311706543,3275100,0.0,0.0,False,totvs,TOTVS S.A.,TOTS3,Tecnologia da Informação / Software
2024-04-12,27.139999389648438,27.65999984741211,27.049999237060547,27.3799991607666,26.236282348632812,4225900,0.0,0.0,False,totvs,TOTVS S.A.,TOTS3,Tecnologia da Informação / Software
2024-04-15,27.219999313354492,27.309999465942383,26.799999237060547,26.899999618530273,25.776334762573242,3627700,0.0,0.0,False,totvs,TOTVS S.A.,TOTS3,Tecnologia da Informação / Software
2024-04-16,26.559999465942383,26.829999923706055,26.43000030517578,26.459999084472656,25.354711532592773,4768300,0.0,0.0,False,totvs,TOTVS S.A.,TOTS3,Tecnologia da Informação / Software
2024-04-17,26.5,27.200000762939453,26.450000762939453,27.09000015258789,25.95839500427246,8115600,0.0,0.0,False,totvs,TOTVS S.A.,TOTS3,Tecnologia da Informação / Software
2024-04-18,27.100000381469727,28.270000457763672,27.06999969482422,27.760000228881836,26.60040855407715,11995900,0.0,0.0,False,totvs,TOTVS S.A.,TOTS3,Tecnologia da Informação / Software
2024-04-19,27.75,28.219999313354492,27.639999389648438,28.100000381469727,26.926206588745117,7691000,0.0,0.0,False,totvs,TOTVS S.A.,TOTS3,Tecnologia da Informação / Software
2024-04-22,27.950000762939453,29.06999969482422,27.950000762939453,28.889999389648438,27.683208465576172,12355900,0.0,0.0,False,totvs,TOTVS S.A.,TOTS3,Tecnologia da Informação / Software
2024-04-23,28.729999542236328,29.059999465942383,28.40999984741211,28.40999984741211,27.223257064819336,5279700,0.0,0.0,False,totvs,TOTVS S.A.,TOTS3,Tecnologia da Informação / Software
2024-04-24,28.329999923706055,28.440000534057617,28.0,28.110000610351562,26.935789108276367,3860600,0.0,0.0,False,totvs,TOTVS S.A.,TOTS3,Tecnologia da Informação / Software
2024-04-25,27.93000030517578,28.200000762939453,27.700000762939453,27.959999084472656,26.792055130004883,4076700,0.0,0.0,False,totvs,TOTVS S.A.,TOTS3,Tecnologia da Informação / Software
2024-04-26,28.1200008392334,28.489999771118164,28.010000228881836,28.079999923706055,26.907041549682617,2841900,0.0,0.0,False,totvs,TOTVS S.A.,TOTS3,Tecnologia da Informação / Software
2024-04-29,28.079999923706055,28.399999618530273,27.84000015258789,27.950000762939453,26.782472610473633,4342100,0.0,0.0,False,totvs,TOTVS S.A.,TOTS3,Tecnologia da Informação / Software
2024-04-30,27.809999465942383,28.139999389648438,27.540000915527344,27.540000915527344,26.389602661132812,3192000,0.0,0.0,False,totvs,TOTVS S.A.,TOTS3,Tecnologia da Informação / Software
2024-05-02,28.360000610351562,28.3700008392334,27.549999237060547,27.75,26.59082794189453,3272000,0.0,0.0,False,totvs,TOTVS S.A.,TOTS3,Tecnologia da Informação / Software
2024-05-03,28.190000534057617,28.190000534057617,27.709999084472656,28.18000030517578,27.00286102294922,4097100,0.0,0.0,False,totvs,TOTVS S.A.,TOTS3,Tecnologia da Informação / Software
2024-05-06,28.100000381469727,28.260000228881836,27.90999984741211,27.90999984741211,26.744144439697266,2588900,0.0,0.0,False,totvs,TOTVS S.A.,TOTS3,Tecnologia da Informação / Software
2024-05-07,28.059999465942383,28.100000381469727,27.530000686645508,27.8799991607666,26.715396881103516,6334800,0.0,0.0,False,totvs,TOTVS S.A.,TOTS3,Tecnologia da Informação / Software
2024-05-08,27.649999618530273,28.190000534057617,27.510000228881836,28.149999618530273,26.974117279052734,4184500,0.0,0.0,False,totvs,TOTVS S.A.,TOTS3,Tecnologia da Informação / Software
2024-05-09,27.489999771118164,28.760000228881836,27.489999771118164,28.520000457763672,27.32866096496582,4440400,0.0,0.0,False,totvs,TOTVS S.A.,TOTS3,Tecnologia da Informação / Software
2024-05-10,28.459999084472656,28.700000762939453,27.959999084472656,28.0,26.83038330078125,3007900,0.0,0.0,False,totvs,TOTVS S.A.,TOTS3,Tecnologia da Informação / Software
2024-05-13,28.049999237060547,28.170000076293945,27.579999923706055,28.06999969482422,26.897459030151367,3023000,0.0,0.0,False,totvs,TOTVS S.A.,TOTS3,Tecnologia da Informação / Software
2024-05-14,28.139999389648438,28.90999984741211,28.139999389648438,28.3799991607666,27.194509506225586,3440300,0.0,0.0,False,totvs,TOTVS S.A.,TOTS3,Tecnologia da Informação / Software
2024-05-15,28.420000076293945,28.579999923706055,28.18000030517578,28.510000228881836,27.319080352783203,1912600,0.0,0.0,False,totvs,TOTVS S.A.,TOTS3,Tecnologia da Informação / Software
2024-05-16,28.59000015258789,29.209999084472656,28.520000457763672,29.170000076293945,27.951507568359375,3217800,0.0,0.0,False,totvs,TOTVS S.A.,TOTS3,Tecnologia da Informação / Software
2024-05-17,29.110000610351562,29.200000762939453,28.450000762939453,28.709999084472656,27.510725021362305,5003900,0.0,0.0,False,totvs,TOTVS S.A.,TOTS3,Tecnologia da Informação / Software
2024-05-20,28.420000076293945,29.34000015258789,28.40999984741211,29.030000686645508,27.81736183166504,2796100,0.0,0.0,False,totvs,TOTVS S.A.,TOTS3,Tecnologia da Informação / Software
2024-05-21,28.8799991607666,29.639999389648438,28.700000762939453,29.600000381469727,28.36354637145996,3838000,0.0,0.0,False,totvs,TOTVS S.A.,TOTS3,Tecnologia da Informação / Software
2024-05-22,29.389999389648438,30.43000030517578,29.350000381469727,29.950000762939453,28.698928833007812,9890200,0.0,0.0,False,totvs,TOTVS S.A.,TOTS3,Tecnologia da Informação / Software
2024-05-23,29.959999084472656,30.329999923706055,29.579999923706055,29.68000030517578,28.44020652770996,7772900,0.0,0.0,False,totvs,TOTVS S.A.,TOTS3,Tecnologia da Informação / Software
2024-05-24,29.610000610351562,29.770000457763672,29.059999465942383,29.059999465942383,27.84610366821289,2549400,0.0,0.0,False,totvs,TOTVS S.A.,TOTS3,Tecnologia da Informação / Software
2024-05-27,29.079999923706055,29.200000762939453,28.809999465942383,28.81999969482422,27.616130828857422,1486900,0.0,0.0,False,totvs,TOTVS S.A.,TOTS3,Tecnologia da Informação / Software
2024-05-28,29.010000228881836,29.290000915527344,28.459999084472656,28.5,27.309494018554688,4031700,0.0,0.0,False,totvs,TOTVS S.A.,TOTS3,Tecnologia da Informação / Software
2024-05-29,28.530000686645508,28.729999542236328,28.170000076293945,28.399999618530273,27.213672637939453,3519300,0.0,0.0,False,totvs,TOTVS S.A.,TOTS3,Tecnologia da Informação / Software
2024-05-31,28.399999618530273,29.149999618530273,28.290000915527344,28.719999313354492,27.520307540893555,9199700,0.0,0.0,False,totvs,TOTVS S.A.,TOTS3,Tecnologia da Informação / Software
2024-06-03,28.780000686645508,28.979999542236328,28.290000915527344,28.290000915527344,27.108266830444336,3917200,0.0,0.0,False,totvs,TOTVS S.A.,TOTS3,Tecnologia da Informação / Software
2024-06-04,28.209999084472656,28.329999923706055,27.6299991607666,28.049999237060547,26.878293991088867,4987000,0.0,0.0,False,totvs,TOTVS S.A.,TOTS3,Tecnologia da Informação / Software
2024-06-05,28.209999084472656,28.540000915527344,27.989999771118164,28.0,26.83038330078125,1954300,0.0,0.0,False,totvs,TOTVS S.A.,TOTS3,Tecnologia da Informação / Software
2024-06-06,28.170000076293945,29.040000915527344,28.059999465942383,28.959999084472656,27.750282287597656,4751000,0.0,0.0,False,totvs,TOTVS S.A.,TOTS3,Tecnologia da Informação / Software
2024-06-07,28.479999542236328,29.1200008392334,28.31999969482422,28.5,27.309494018554688,4416700,0.0,0.0,False,totvs,TOTVS S.A.,TOTS3,Tecnologia da Informação / Software
2024-06-10,28.309999465942383,28.700000762939453,28.209999084472656,28.540000915527344,27.347827911376953,1683200,0.0,0.0,False,totvs,TOTVS S.A.,TOTS3,Tecnologia da Informação / Software
2024-06-11,28.639999389648438,29.170000076293945,28.639999389648438,29.100000381469727,27.884435653686523,2469600,0.0,0.0,False,totvs,TOTVS S.A.,TOTS3,Tecnologia da Informação / Software
2024-06-12,29.389999389648438,29.510000228881836,28.34000015258789,29.0,27.788616180419922,6787100,0.0,0.0,False,totvs,TOTVS S.A.,TOTS3,Tecnologia da Informação / Software
2024-06-13,29.0,29.729999542236328,29.0,29.59000015258789,28.353965759277344,3269500,0.0,0.0,False,totvs,TOTVS S.A.,TOTS3,Tecnologia da Informação / Software
2024-06-14,29.549999237060547,30.8700008392334,29.479999542236328,30.59000015258789,29.31219482421875,6030000,0.0,0.0,False,totvs,TOTVS S.A.,TOTS3,Tecnologia da Informação / Software
2024-06-17,30.489999771118164,30.920000076293945,30.020000457763672,30.420000076293945,29.149293899536133,4634800,0.0,0.0,False,totvs,TOTVS S.A.,TOTS3,Tecnologia da Informação / Software
2024-06-18,30.40999984741211,30.40999984741211,29.280000686645508,29.739999771118164,28.497699737548828,7423000,0.0,0.0,False,totvs,TOTVS S.A.,TOTS3,Tecnologia da Informação / Software
2024-06-19,29.850000381469727,29.860000610351562,28.989999771118164,29.43000030517578,28.200647354125977,2882800,0.0,0.0,False,totvs,TOTVS S.A.,TOTS3,Tecnologia da Informação / Software
2024-06-20,29.690000534057617,29.90999984741211,29.440000534057617,29.489999771118164,28.258140563964844,3452900,0.0,0.0,False,totvs,TOTVS S.A.,TOTS3,Tecnologia da Informação / Software
2024-06-21,29.34000015258789,29.889999389648438,29.15999984741211,29.829999923706055,28.583940505981445,4794900,0.0,0.0,False,totvs,TOTVS S.A.,TOTS3,Tecnologia da Informação / Software
2024-06-24,29.90999984741211,30.200000762939453,29.520000457763672,30.200000762939453,28.938486099243164,2473200,0.0,0.0,False,totvs,TOTVS S.A.,TOTS3,Tecnologia da Informação / Software
2024-06-25,30.200000762939453,30.329999923706055,29.81999969482422,30.270000457763672,29.00556182861328,1978900,0.0,0.0,False,totvs,TOTVS S.A.,TOTS3,Tecnologia da Informação / Software
2024-06-26,30.139999389648438,30.260000228881836,29.610000610351562,30.260000228881836,28.9959774017334,3690200,0.0,0.0,False,totvs,TOTVS S.A.,TOTS3,Tecnologia da Informação / Software
2024-06-27,30.110000610351562,30.899999618530273,30.110000610351562,30.889999389648438,29.599658966064453,2342200,0.0,0.0,False,totvs,TOTVS S.A.,TOTS3,Tecnologia da Informação / Software
2024-06-28,30.899999618530273,30.93000030517578,30.170000076293945,30.43000030517578,29.158878326416016,4083100,0.0,0.0,False,totvs,TOTVS S.A.,TOTS3,Tecnologia da Informação / Software
2024-07-01,30.290000915527344,30.329999923706055,29.780000686645508,29.889999389648438,28.641433715820312,1658800,0.0,0.0,False,totvs,TOTVS S.A.,TOTS3,Tecnologia da Informação / Software
2024-07-02,29.770000457763672,29.940000534057617,29.270000457763672,29.270000457763672,28.047332763671875,3458500,0.0,0.0,False,totvs,TOTVS S.A.,TOTS3,Tecnologia da Informação / Software
2024-07-03,29.540000915527344,30.0,29.530000686645508,29.649999618530273,28.41145896911621,1876500,0.0,0.0,False,totvs,TOTVS S.A.,TOTS3,Tecnologia da Informação / Software
2024-07-04,29.899999618530273,29.93000030517578,29.43000030517578,29.670000076293945,28.43062400817871,1368800,0.0,0.0,False,totvs,TOTVS S.A.,TOTS3,Tecnologia da Informação / Software
2024-07-05,29.799999237060547,30.229999542236328,29.5,29.5,28.26772689819336,2245000,0.0,0.0,False,totvs,TOTVS S.A.,TOTS3,Tecnologia da Informação / Software
2024-07-08,29.5,29.899999618530273,29.139999389648438,29.899999618530273,28.651016235351562,1732600,0.0,0.0,False,totvs,TOTVS S.A.,TOTS3,Tecnologia da Informação / Software
2024-07-09,29.850000381469727,30.100000381469727,29.350000381469727,29.899999618530273,28.651016235351562,2882600,0.0,0.0,False,totvs,TOTVS S.A.,TOTS3,Tecnologia da Informação / Software
2024-07-10,29.940000534057617,30.18000030517578,29.56999969482422,30.18000030517578,28.919321060180664,1634600,0.0,0.0,False,totvs,TOTVS S.A.,TOTS3,Tecnologia da Informação / Software
2024-07-11,30.149999618530273,30.469999313354492,29.84000015258789,29.84000015258789,28.593524932861328,2730400,0.0,0.0,False,totvs,TOTVS S.A.,TOTS3,Tecnologia da Informação / Software
2024-07-12,29.760000228881836,29.93000030517578,29.15999984741211,29.280000686645508,28.056915283203125,2347500,0.0,0.0,False,totvs,TOTVS S.A.,TOTS3,Tecnologia da Informação / Software
2024-07-15,29.389999389648438,29.780000686645508,29.110000610351562,29.610000610351562,28.373130798339844,1864200,0.0,0.0,False,totvs,TOTVS S.A.,TOTS3,Tecnologia da Informação / Software
2024-07-16,29.600000381469727,29.719999313354492,28.469999313354492,28.559999465942383,27.36699104309082,4190800,0.0,0.0,False,totvs,TOTVS S.A.,TOTS3,Tecnologia da Informação / Software
2024-07-17,28.559999465942383,29.06999969482422,28.489999771118164,28.93000030517578,27.721538543701172,2400200,0.0,0.0,False,totvs,TOTVS S.A.,TOTS3,Tecnologia da Informação / Software
2024-07-18,28.829999923706055,28.829999923706055,27.950000762939453,28.040000915527344,26.868715286254883,3160900,0.0,0.0,False,totvs,TOTVS S.A.,TOTS3,Tecnologia da Informação / Software
2024-07-19,28.200000762939453,28.559999465942383,27.8799991607666,28.059999465942383,26.887876510620117,2758600,0.0,0.0,False,totvs,TOTVS S.A.,TOTS3,Tecnologia da Informação / Software
2024-07-22,28.100000381469727,28.729999542236328,27.979999542236328,28.510000228881836,27.319080352783203,1309700,0.0,0.0,False,totvs,TOTVS S.A.,TOTS3,Tecnologia da Informação / Software
2024-07-23,28.59000015258789,28.6200008392334,28.030000686645508,28.1299991607666,26.9549503326416,1864800,0.0,0.0,False,totvs,TOTVS S.A.,TOTS3,Tecnologia da Informação / Software
2024-07-24,28.010000228881836,28.219999313354492,27.81999969482422,27.829999923706055,26.6674861907959,1803900,0.0,0.0,False,totvs,TOTVS S.A.,TOTS3,Tecnologia da Informação / Software
2024-07-25,27.530000686645508,27.940000534057617,27.18000030517578,27.579999923706055,26.42792510986328,3783800,0.0,0.0,False,totvs,TOTVS S.A.,TOTS3,Tecnologia da Informação / Software
2024-07-26,27.579999923706055,28.1299991607666,27.34000015258789,28.1299991607666,26.9549503326416,2362600,0.0,0.0,False,totvs,TOTVS S.A.,TOTS3,Tecnologia da Informação / Software
2024-07-29,27.90999984741211,28.049999237060547,27.450000762939453,27.68000030517578,26.523754119873047,2076500,0.0,0.0,False,totvs,TOTVS S.A.,TOTS3,Tecnologia da Informação / Software
2024-07-30,27.510000228881836,28.290000915527344,27.40999984741211,27.520000457763672,26.370433807373047,1749700,0.0,0.0,False,totvs,TOTVS S.A.,TOTS3,Tecnologia da Informação / Software
2024-07-31,27.549999237060547,27.829999923706055,27.3799991607666,27.75,26.59082794189453,2363000,0.0,0.0,False,totvs,TOTVS S.A.,TOTS3,Tecnologia da Informação / Software
2024-08-01,27.979999542236328,28.06999969482422,27.440000534057617,27.6200008392334,26.466257095336914,1680600,0.0,0.0,False,totvs,TOTVS S.A.,TOTS3,Tecnologia da Informação / Software
2024-08-02,27.639999389648438,27.770000457763672,27.290000915527344,27.6200008392334,26.466257095336914,2177400,0.0,0.0,False,totvs,TOTVS S.A.,TOTS3,Tecnologia da Informação / Software
2024-08-05,26.780000686645508,27.75,26.6299991607666,26.979999542236328,25.85299301147461,4390600,0.0,0.0,False,totvs,TOTVS S.A.,TOTS3,Tecnologia da Informação / Software
2024-08-06,27.020000457763672,27.299999237060547,26.700000762939453,27.25,26.111711502075195,3683200,0.0,0.0,False,totvs,TOTVS S.A.,TOTS3,Tecnologia da Informação / Software
2024-08-07,27.389999389648438,27.530000686645508,26.989999771118164,27.43000030517578,26.507930755615234,2505100,0.23,0.0,False,totvs,TOTVS S.A.,TOTS3,Tecnologia da Informação / Software
2024-08-08,27.610000610351562,28.739999771118164,27.40999984741211,28.549999237060547,27.590280532836914,4802000,0.0,0.0,False,totvs,TOTVS S.A.,TOTS3,Tecnologia da Informação / Software
2024-08-09,28.549999237060547,29.670000076293945,28.399999618530273,29.6200008392334,28.624313354492188,4163900,0.0,0.0,False,totvs,TOTVS S.A.,TOTS3,Tecnologia da Informação / Software
2024-08-12,29.940000534057617,30.479999542236328,29.5,29.5,28.508346557617188,5761100,0.0,0.0,False,totvs,TOTVS S.A.,TOTS3,Tecnologia da Informação / Software
2024-08-13,29.469999313354492,29.6200008392334,29.040000915527344,29.290000915527344,28.30540657043457,2589500,0.0,0.0,False,totvs,TOTVS S.A.,TOTS3,Tecnologia da Informação / Software
2024-08-14,29.270000457763672,29.829999923706055,29.200000762939453,29.65999984741211,28.662965774536133,2942100,0.0,0.0,False,totvs,TOTVS S.A.,TOTS3,Tecnologia da Informação / Software
2024-08-15,29.65999984741211,29.65999984741211,28.959999084472656,29.100000381469727,28.121793746948242,3157000,0.0,0.0,False,totvs,TOTVS S.A.,TOTS3,Tecnologia da Informação / Software
2024-08-16,29.299999237060547,30.0,29.100000381469727,29.520000457763672,28.527673721313477,2543000,0.0,0.0,False,totvs,TOTVS S.A.,TOTS3,Tecnologia da Informação / Software
2024-08-19,29.770000457763672,30.0,29.420000076293945,29.899999618530273,28.894899368286133,3073400,0.0,0.0,False,totvs,TOTVS S.A.,TOTS3,Tecnologia da Informação / Software
2024-08-20,29.530000686645508,30.059999465942383,29.479999542236328,30.020000457763672,29.010868072509766,2202900,0.0,0.0,False,totvs,TOTVS S.A.,TOTS3,Tecnologia da Informação / Software
2024-08-21,30.149999618530273,31.200000762939453,30.020000457763672,31.049999237060547,30.006244659423828,2896600,0.0,0.0,False,totvs,TOTVS S.A.,TOTS3,Tecnologia da Informação / Software
2024-08-22,31.200000762939453,31.389999389648438,30.479999542236328,30.56999969482422,29.54237937927246,1892300,0.0,0.0,False,totvs,TOTVS S.A.,TOTS3,Tecnologia da Informação / Software
2024-08-23,30.649999618530273,31.760000228881836,30.639999389648438,31.459999084472656,30.40245819091797,2029300,0.0,0.0,False,totvs,TOTVS S.A.,TOTS3,Tecnologia da Informação / Software
2024-08-26,31.459999084472656,31.600000381469727,30.979999542236328,31.600000381469727,30.537752151489258,1733200,0.0,0.0,False,totvs,TOTVS S.A.,TOTS3,Tecnologia da Informação / Software
2024-08-27,31.59000015258789,31.68000030517578,31.31999969482422,31.3700008392334,30.31548500061035,1991400,0.0,0.0,False,totvs,TOTVS S.A.,TOTS3,Tecnologia da Informação / Software
2024-08-28,31.31999969482422,31.31999969482422,30.40999984741211,30.760000228881836,29.725988388061523,2155300,0.0,0.0,False,totvs,TOTVS S.A.,TOTS3,Tecnologia da Informação / Software
2024-08-29,30.65999984741211,30.889999389648438,30.399999618530273,30.5,29.4747314453125,1407000,0.0,0.0,False,totvs,TOTVS S.A.,TOTS3,Tecnologia da Informação / Software
2024-08-30,30.219999313354492,30.25,29.829999923706055,29.969999313354492,28.962549209594727,6487600,0.0,0.0,False,totvs,TOTVS S.A.,TOTS3,Tecnologia da Informação / Software
2024-09-02,29.899999618530273,29.969999313354492,29.219999313354492,29.260000228881836,28.27641487121582,1537600,0.0,0.0,False,totvs,TOTVS S.A.,TOTS3,Tecnologia da Informação / Software
2024-09-03,29.260000228881836,29.920000076293945,29.260000228881836,29.350000381469727,28.363388061523438,2904400,0.0,0.0,False,totvs,TOTVS S.A.,TOTS3,Tecnologia da Informação / Software
2024-09-04,29.68000030517578,30.239999771118164,29.489999771118164,29.969999313354492,28.962549209594727,3006500,0.0,0.0,False,totvs,TOTVS S.A.,TOTS3,Tecnologia da Informação / Software
2024-09-05,29.600000381469727,30.010000228881836,29.489999771118164,29.780000686645508,28.7789363861084,1195000,0.0,0.0,False,totvs,TOTVS S.A.,TOTS3,Tecnologia da Informação / Software
2024-09-06,29.690000534057617,29.90999984741211,29.299999237060547,29.360000610351562,28.3730525970459,1160500,0.0,0.0,False,totvs,TOTVS S.A.,TOTS3,Tecnologia da Informação / Software
2024-09-09,29.299999237060547,29.549999237060547,29.06999969482422,29.209999084472656,28.22809600830078,1084500,0.0,0.0,False,totvs,TOTVS S.A.,TOTS3,Tecnologia da Informação / Software
2024-09-10,29.09000015258789,29.579999923706055,29.09000015258789,29.34000015258789,28.353723526000977,1345000,0.0,0.0,False,totvs,TOTVS S.A.,TOTS3,Tecnologia da Informação / Software
2024-09-11,29.290000915527344,29.649999618530273,29.25,29.3799991607666,28.392377853393555,1560100,0.0,0.0,False,totvs,TOTVS S.A.,TOTS3,Tecnologia da Informação / Software
2024-09-12,29.139999389648438,29.600000381469727,29.030000686645508,29.360000610351562,28.3730525970459,1125500,0.0,0.0,False,totvs,TOTVS S.A.,TOTS3,Tecnologia da Informação / Software
2024-09-13,29.68000030517578,30.670000076293945,29.520000457763672,30.18000030517578,29.16548728942871,3535800,0.0,0.0,False,totvs,TOTVS S.A.,TOTS3,Tecnologia da Informação / Software
2024-09-16,30.219999313354492,30.56999969482422,29.8700008392334,30.260000228881836,29.2427978515625,3225800,0.0,0.0,False,totvs,TOTVS S.A.,TOTS3,Tecnologia da Informação / Software
2024-09-17,30.25,30.25,29.799999237060547,29.979999542236328,28.972211837768555,4572300,0.0,0.0,False,totvs,TOTVS S.A.,TOTS3,Tecnologia da Informação / Software
2024-09-18,29.780000686645508,30.100000381469727,29.540000915527344,29.6299991607666,28.633975982666016,2546400,0.0,0.0,False,totvs,TOTVS S.A.,TOTS3,Tecnologia da Informação / Software
2024-09-19,29.899999618530273,30.059999465942383,29.579999923706055,29.790000915527344,28.788599014282227,2592800,0.0,0.0,False,totvs,TOTVS S.A.,TOTS3,Tecnologia da Informação / Software
2024-09-20,29.790000915527344,30.040000915527344,28.950000762939453,28.950000762939453,27.976837158203125,4337200,0.0,0.0,False,totvs,TOTVS S.A.,TOTS3,Tecnologia da Informação / Software
2024-09-23,28.940000534057617,29.09000015258789,28.450000762939453,28.600000381469727,27.638601303100586,2520000,0.0,0.0,False,totvs,TOTVS S.A.,TOTS3,Tecnologia da Informação / Software
2024-09-24,28.959999084472656,29.420000076293945,28.540000915527344,29.010000228881836,28.034818649291992,3553700,0.0,0.0,False,totvs,TOTVS S.A.,TOTS3,Tecnologia da Informação / Software
2024-09-25,29.010000228881836,29.239999771118164,28.6299991607666,28.6299991607666,27.667591094970703,3803600,0.0,0.0,False,totvs,TOTVS S.A.,TOTS3,Tecnologia da Informação / Software
2024-09-26,28.6299991607666,29.010000228881836,28.040000915527344,28.079999923706055,27.13608169555664,3077100,0.0,0.0,False,totvs,TOTVS S.A.,TOTS3,Tecnologia da Informação / Software
2024-09-27,28.030000686645508,28.540000915527344,28.030000686645508,28.280000686645508,27.329355239868164,3545100,0.0,0.0,False,totvs,TOTVS S.A.,TOTS3,Tecnologia da Informação / Software
2024-09-30,28.200000762939453,28.899999618530273,27.979999542236328,28.559999465942383,27.599945068359375,3239500,0.0,0.0,False,totvs,TOTVS S.A.,TOTS3,Tecnologia da Informação / Software
2024-10-01,28.969999313354492,29.299999237060547,28.65999984741211,28.65999984741211,27.696582794189453,2955100,0.0,0.0,False,totvs,TOTVS S.A.,TOTS3,Tecnologia da Informação / Software
2024-10-02,29.229999542236328,29.56999969482422,29.049999237060547,29.450000762939453,28.46002769470215,2750100,0.0,0.0,False,totvs,TOTVS S.A.,TOTS3,Tecnologia da Informação / Software
2024-10-03,29.06999969482422,29.229999542236328,28.0,28.1200008392334,27.17473602294922,3851100,0.0,0.0,False,totvs,TOTVS S.A.,TOTS3,Tecnologia da Informação / Software
2024-10-04,27.809999465942383,28.200000762939453,27.729999542236328,27.989999771118164,27.04910659790039,2085300,0.0,0.0,False,totvs,TOTVS S.A.,TOTS3,Tecnologia da Informação / Software
2024-10-07,28.260000228881836,28.280000686645508,27.719999313354492,28.010000228881836,27.068437576293945,2017100,0.0,0.0,False,totvs,TOTVS S.A.,TOTS3,Tecnologia da Informação / Software
2024-10-08,28.530000686645508,28.649999618530273,28.280000686645508,28.299999237060547,27.348684310913086,2360700,0.0,0.0,False,totvs,TOTVS S.A.,TOTS3,Tecnologia da Informação / Software
2024-10-09,27.899999618530273,28.40999984741211,27.8799991607666,28.200000762939453,27.252046585083008,2697700,0.0,0.0,False,totvs,TOTVS S.A.,TOTS3,Tecnologia da Informação / Software
2024-10-10,28.149999618530273,28.600000381469727,28.030000686645508,28.040000915527344,27.097427368164062,3726000,0.0,0.0,False,totvs,TOTVS S.A.,TOTS3,Tecnologia da Informação / Software
2024-10-11,28.010000228881836,28.270000457763672,27.510000228881836,28.0,27.05876922607422,3966600,0.0,0.0,False,totvs,TOTVS S.A.,TOTS3,Tecnologia da Informação / Software
2024-10-14,28.0,28.860000610351562,27.760000228881836,28.270000457763672,27.319692611694336,4748000,0.0,0.0,False,totvs,TOTVS S.A.,TOTS3,Tecnologia da Informação / Software
2024-10-15,28.260000228881836,28.510000228881836,28.110000610351562,28.15999984741211,27.21339225769043,4666100,0.0,0.0,False,totvs,TOTVS S.A.,TOTS3,Tecnologia da Informação / Software
2024-10-16,27.829999923706055,28.709999084472656,27.530000686645508,28.600000381469727,27.638601303100586,4151900,0.0,0.0,False,totvs,TOTVS S.A.,TOTS3,Tecnologia da Informação / Software
2024-10-17,28.020000457763672,28.639999389648438,27.93000030517578,28.3700008392334,27.416336059570312,2651400,0.0,0.0,False,totvs,TOTVS S.A.,TOTS3,Tecnologia da Informação / Software
2024-10-18,28.639999389648438,28.729999542236328,28.420000076293945,28.540000915527344,27.58061981201172,4198200,0.0,0.0,False,totvs,TOTVS S.A.,TOTS3,Tecnologia da Informação / Software
2024-10-21,28.489999771118164,29.030000686645508,28.389999389648438,28.829999923706055,27.860868453979492,2215800,0.0,0.0,False,totvs,TOTVS S.A.,TOTS3,Tecnologia da Informação / Software
2024-10-22,28.700000762939453,29.030000686645508,28.600000381469727,28.850000381469727,27.880197525024414,3580100,0.0,0.0,False,totvs,TOTVS S.A.,TOTS3,Tecnologia da Informação / Software
2024-10-23,28.649999618530273,28.889999389648438,28.459999084472656,28.670000076293945,27.706249237060547,2179900,0.0,0.0,False,totvs,TOTVS S.A.,TOTS3,Tecnologia da Informação / Software
2024-10-24,28.75,28.75,28.139999389648438,28.6299991607666,27.667591094970703,3450400,0.0,0.0,False,totvs,TOTVS S.A.,TOTS3,Tecnologia da Informação / Software
2024-10-25,28.450000762939453,28.920000076293945,28.450000762939453,28.8700008392334,27.899524688720703,2473700,0.0,0.0,False,totvs,TOTVS S.A.,TOTS3,Tecnologia da Informação / Software
2024-10-28,29.09000015258789,29.489999771118164,29.049999237060547,29.270000457763672,28.28607749938965,1956500,0.0,0.0,False,totvs,TOTVS S.A.,TOTS3,Tecnologia da Informação / Software
2024-10-29,29.200000762939453,29.309999465942383,29.049999237060547,29.200000762939453,28.218429565429688,3112600,0.0,0.0,False,totvs,TOTVS S.A.,TOTS3,Tecnologia da Informação / Software
2024-10-30,29.149999618530273,29.670000076293945,29.030000686645508,29.5,28.508346557617188,1327200,0.0,0.0,False,totvs,TOTVS S.A.,TOTS3,Tecnologia da Informação / Software
2024-10-31,29.440000534057617,30.06999969482422,29.3799991607666,29.84000015258789,28.836917877197266,8135700,0.0,0.0,False,totvs,TOTVS S.A.,TOTS3,Tecnologia da Informação / Software
2024-11-01,29.950000762939453,31.969999313354492,29.559999465942383,30.950000762939453,29.909605026245117,11641100,0.0,0.0,False,totvs,TOTVS S.A.,TOTS3,Tecnologia da Informação / Software
2024-11-04,31.329999923706055,33.540000915527344,30.989999771118164,33.18000030517578,32.06464385986328,6920600,0.0,0.0,False,totvs,TOTVS S.A.,TOTS3,Tecnologia da Informação / Software
2024-11-05,33.18000030517578,34.52000045776367,32.20000076293945,34.41999816894531,33.26295471191406,6858600,0.0,0.0,False,totvs,TOTVS S.A.,TOTS3,Tecnologia da Informação / Software
2024-11-06,33.810001373291016,35.13999938964844,32.4900016784668,34.0,32.857078552246094,11040200,0.0,0.0,False,totvs,TOTVS S.A.,TOTS3,Tecnologia da Informação / Software
2024-11-07,33.400001525878906,34.560001373291016,31.1299991607666,31.1299991607666,30.083553314208984,11588100,0.0,0.0,False,totvs,TOTVS S.A.,TOTS3,Tecnologia da Informação / Software
2024-11-08,30.149999618530273,31.3700008392334,30.1299991607666,30.860000610351562,29.8226318359375,5849600,0.0,0.0,False,totvs,TOTVS S.A.,TOTS3,Tecnologia da Informação / Software
2024-11-11,30.600000381469727,30.889999389648438,29.860000610351562,30.0,28.99154281616211,4264500,0.0,0.0,False,totvs,TOTVS S.A.,TOTS3,Tecnologia da Informação / Software
2024-11-12,29.829999923706055,30.3799991607666,29.700000762939453,29.979999542236328,28.972211837768555,2932900,0.0,0.0,False,totvs,TOTVS S.A.,TOTS3,Tecnologia da Informação / Software
2024-11-13,30.100000381469727,30.239999771118164,29.549999237060547,29.68000030517578,28.682294845581055,4289100,0.0,0.0,False,totvs,TOTVS S.A.,TOTS3,Tecnologia da Informação / Software
2024-11-14,29.719999313354492,30.65999984741211,29.709999084472656,30.0,28.99154281616211,4423600,0.0,0.0,False,totvs,TOTVS S.A.,TOTS3,Tecnologia da Informação / Software
2024-11-18,29.799999237060547,30.239999771118164,29.6200008392334,29.829999923706055,28.827253341674805,2265000,0.0,0.0,False,totvs,TOTVS S.A.,TOTS3,Tecnologia da Informação / Software
2024-11-19,30.030000686645508,30.959999084472656,29.700000762939453,30.440000534057617,29.416749954223633,2538000,0.0,0.0,False,totvs,TOTVS S.A.,TOTS3,Tecnologia da Informação / Software
2024-11-21,30.100000381469727,30.479999542236328,29.670000076293945,29.920000076293945,28.914230346679688,3132600,0.0,0.0,False,totvs,TOTVS S.A.,TOTS3,Tecnologia da Informação / Software
2024-11-22,30.260000228881836,30.260000228881836,29.260000228881836,29.81999969482422,28.817590713500977,3637000,0.0,0.0,False,totvs,TOTVS S.A.,TOTS3,Tecnologia da Informação / Software
2024-11-25,29.709999084472656,30.450000762939453,29.6299991607666,29.770000457763672,28.769271850585938,5430800,0.0,0.0,False,totvs,TOTVS S.A.,TOTS3,Tecnologia da Informação / Software
2024-11-26,30.270000457763672,30.729999542236328,29.690000534057617,30.34000015258789,29.320110321044922,3232400,0.0,0.0,False,totvs,TOTVS S.A.,TOTS3,Tecnologia da Informação / Software
2024-11-27,30.06999969482422,30.299999237060547,28.760000228881836,28.760000228881836,27.793222427368164,4476100,0.0,0.0,False,totvs,TOTVS S.A.,TOTS3,Tecnologia da Informação / Software
2024-11-28,28.56999969482422,28.700000762939453,27.530000686645508,27.530000686645508,26.604570388793945,2354000,0.0,0.0,False,totvs,TOTVS S.A.,TOTS3,Tecnologia da Informação / Software
2024-11-29,27.780000686645508,27.81999969482422,26.850000381469727,27.459999084472656,26.536922454833984,6647400,0.0,0.0,False,totvs,TOTVS S.A.,TOTS3,Tecnologia da Informação / Software
2024-12-02,27.270000457763672,27.559999465942383,26.860000610351562,26.8700008392334,25.966754913330078,2981900,0.0,0.0,False,totvs,TOTVS S.A.,TOTS3,Tecnologia da Informação / Software
2024-12-03,26.889999389648438,27.950000762939453,26.729999542236328,26.989999771118164,26.082721710205078,6328600,0.0,0.0,False,totvs,TOTVS S.A.,TOTS3,Tecnologia da Informação / Software
2024-12-04,26.989999771118164,27.59000015258789,26.510000228881836,27.110000610351562,26.41399383544922,4347600,0.22,0.0,False,totvs,TOTVS S.A.,TOTS3,Tecnologia da Informação / Software
2024-12-05,27.540000915527344,28.540000915527344,27.420000076293945,28.059999465942383,27.339603424072266,4182600,0.0,0.0,False,totvs,TOTVS S.A.,TOTS3,Tecnologia da Informação / Software
2024-12-06,27.790000915527344,28.219999313354492,27.299999237060547,27.350000381469727,26.647829055786133,3292800,0.0,0.0,False,totvs,TOTVS S.A.,TOTS3,Tecnologia da Informação / Software
2024-12-09,27.309999465942383,27.979999542236328,27.309999465942383,27.709999084472656,26.998586654663086,2232100,0.0,0.0,False,totvs,TOTVS S.A.,TOTS3,Tecnologia da Informação / Software
2024-12-10,28.100000381469727,29.040000915527344,27.959999084472656,28.90999984741211,28.167781829833984,3021100,0.0,0.0,False,totvs,TOTVS S.A.,TOTS3,Tecnologia da Informação / Software
2024-12-11,29.079999923706055,31.34000015258789,29.010000228881836,31.040000915527344,30.24309539794922,6263800,0.0,0.0,False,totvs,TOTVS S.A.,TOTS3,Tecnologia da Informação / Software
2024-12-12,30.5,31.190000534057617,30.010000228881836,30.299999237060547,29.522092819213867,5101500,0.0,0.0,False,totvs,TOTVS S.A.,TOTS3,Tecnologia da Informação / Software
2024-12-13,30.450000762939453,30.719999313354492,29.170000076293945,29.170000076293945,28.42110252380371,2267000,0.0,0.0,False,totvs,TOTVS S.A.,TOTS3,Tecnologia da Informação / Software
2024-12-16,29.170000076293945,29.360000610351562,27.850000381469727,27.889999389648438,27.173965454101562,3296200,0.0,0.0,False,totvs,TOTVS S.A.,TOTS3,Tecnologia da Informação / Software
2024-12-17,27.889999389648438,28.389999389648438,27.559999465942383,28.100000381469727,27.37857437133789,6066800,0.0,0.0,False,totvs,TOTVS S.A.,TOTS3,Tecnologia da Informação / Software
2024-12-18,27.90999984741211,28.149999618530273,26.559999465942383,26.56999969482422,25.887855529785156,5289500,0.0,0.0,False,totvs,TOTVS S.A.,TOTS3,Tecnologia da Informação / Software
2024-12-19,26.600000381469727,27.670000076293945,26.459999084472656,27.450000762939453,26.74526596069336,2249300,0.0,0.0,False,totvs,TOTVS S.A.,TOTS3,Tecnologia da Informação / Software
2024-12-20,27.350000381469727,28.030000686645508,27.25,27.510000228881836,26.803720474243164,5628600,0.0,0.0,False,totvs,TOTVS S.A.,TOTS3,Tecnologia da Informação / Software
2024-12-23,27.020000457763672,27.799999237060547,26.950000762939453,27.649999618530273,26.940128326416016,2465300,0.0,0.0,False,totvs,TOTVS S.A.,TOTS3,Tecnologia da Informação / Software
2024-12-26,27.959999084472656,28.1200008392334,27.030000686645508,27.309999465942383,26.608856201171875,2207000,0.0,0.0,False,totvs,TOTVS S.A.,TOTS3,Tecnologia da Informação / Software
2024-12-27,27.420000076293945,27.729999542236328,26.850000381469727,27.030000686645508,26.336048126220703,3420500,0.0,0.0,False,totvs,TOTVS S.A.,TOTS3,Tecnologia da Informação / Software
2024-12-30,26.90999984741211,27.149999618530273,26.6200008392334,26.75,26.063236236572266,2366700,0.0,0.0,False,totvs,TOTVS S.A.,TOTS3,Tecnologia da Informação / Software
2025-01-02,26.540000915527344,26.8700008392334,25.889999389648438,26.3799991607666,25.70273208618164,2559800,0.0,0.0,False,totvs,TOTVS S.A.,TOTS3,Tecnologia da Informação / Software
2025-01-03,26.3700008392334,26.459999084472656,25.889999389648438,26.139999389648438,25.468894958496094,2210400,0.0,0.0,False,totvs,TOTVS S.A.,TOTS3,Tecnologia da Informação / Software
2025-01-06,26.459999084472656,27.489999771118164,26.3700008392334,27.3700008392334,26.667316436767578,3904900,0.0,0.0,False,totvs,TOTVS S.A.,TOTS3,Tecnologia da Informação / Software
2025-01-07,27.770000457763672,27.770000457763672,26.940000534057617,27.010000228881836,26.316560745239258,2913100,0.0,0.0,False,totvs,TOTVS S.A.,TOTS3,Tecnologia da Informação / Software
2025-01-08,26.979999542236328,26.979999542236328,26.1200008392334,26.1200008392334,25.44940948486328,2742600,0.0,0.0,False,totvs,TOTVS S.A.,TOTS3,Tecnologia da Informação / Software
2025-01-09,26.229999542236328,26.780000686645508,25.959999084472656,26.649999618530273,25.965801239013672,1872500,0.0,0.0,False,totvs,TOTVS S.A.,TOTS3,Tecnologia da Informação / Software
2025-01-10,26.600000381469727,26.979999542236328,26.100000381469727,26.709999084472656,26.024261474609375,3484900,0.0,0.0,False,totvs,TOTVS S.A.,TOTS3,Tecnologia da Informação / Software
2025-01-13,26.829999923706055,26.829999923706055,26.389999389648438,26.729999542236328,26.04374885559082,3734600,0.0,0.0,False,totvs,TOTVS S.A.,TOTS3,Tecnologia da Informação / Software
2025-01-14,26.729999542236328,27.829999923706055,26.559999465942383,27.56999969482422,26.8621826171875,3678600,0.0,0.0,False,totvs,TOTVS S.A.,TOTS3,Tecnologia da Informação / Software
2025-01-15,27.93000030517578,29.209999084472656,27.68000030517578,28.780000686645508,28.04111671447754,4474300,0.0,0.0,False,totvs,TOTVS S.A.,TOTS3,Tecnologia da Informação / Software
2025-01-16,28.770000457763672,28.90999984741211,28.31999969482422,28.510000228881836,27.778051376342773,3148300,0.0,0.0,False,totvs,TOTVS S.A.,TOTS3,Tecnologia da Informação / Software
2025-01-17,28.709999084472656,28.709999084472656,27.889999389648438,28.200000762939453,27.47600746154785,2515800,0.0,0.0,False,totvs,TOTVS S.A.,TOTS3,Tecnologia da Informação / Software
2025-01-20,28.459999084472656,28.700000762939453,28.1299991607666,28.450000762939453,27.719589233398438,1450300,0.0,0.0,False,totvs,TOTVS S.A.,TOTS3,Tecnologia da Informação / Software
2025-01-21,28.260000228881836,29.15999984741211,28.260000228881836,29.049999237060547,28.304187774658203,3209100,0.0,0.0,False,totvs,TOTVS S.A.,TOTS3,Tecnologia da Informação / Software
2025-01-22,29.440000534057617,29.739999771118164,28.940000534057617,29.309999465942383,28.55750846862793,2337900,0.0,0.0,False,totvs,TOTVS S.A.,TOTS3,Tecnologia da Informação / Software
2025-01-23,29.100000381469727,29.770000457763672,29.079999923706055,29.239999771118164,28.489307403564453,3249300,0.0,0.0,False,totvs,TOTVS S.A.,TOTS3,Tecnologia da Informação / Software
2025-01-24,29.200000762939453,30.190000534057617,28.989999771118164,29.90999984741211,29.142107009887695,2924600,0.0,0.0,False,totvs,TOTVS S.A.,TOTS3,Tecnologia da Informação / Software
2025-01-27,29.489999771118164,31.610000610351562,29.489999771118164,31.209999084472656,30.408729553222656,3451300,0.0,0.0,False,totvs,TOTVS S.A.,TOTS3,Tecnologia da Informação / Software
2025-01-28,30.790000915527344,31.25,30.43000030517578,30.790000915527344,29.999515533447266,3328100,0.0,0.0,False,totvs,TOTVS S.A.,TOTS3,Tecnologia da Informação / Software
2025-01-29,31.049999237060547,31.34000015258789,30.450000762939453,31.149999618530273,30.35027313232422,3357600,0.0,0.0,False,totvs,TOTVS S.A.,TOTS3,Tecnologia da Informação / Software
2025-01-30,31.350000381469727,33.29999923706055,31.190000534057617,32.61000061035156,31.772789001464844,6354200,0.0,0.0,False,totvs,TOTVS S.A.,TOTS3,Tecnologia da Informação / Software
2025-01-31,32.61000061035156,34.459999084472656,32.61000061035156,34.060001373291016,33.18556213378906,7035300,0.0,0.0,False,totvs,TOTVS S.A.,TOTS3,Tecnologia da Informação / Software
2025-02-03,33.7400016784668,34.880001068115234,33.540000915527344,34.25,33.37068176269531,6944300,0.0,0.0,False,totvs,TOTVS S.A.,TOTS3,Tecnologia da Informação / Software
2025-02-04,34.0,34.29999923706055,32.97999954223633,33.470001220703125,32.61071014404297,21121700,0.0,0.0,False,totvs,TOTVS S.A.,TOTS3,Tecnologia da Informação / Software
2025-02-05,33.470001220703125,33.5,31.729999542236328,32.18000030517578,31.353830337524414,6988600,0.0,0.0,False,totvs,TOTVS S.A.,TOTS3,Tecnologia da Informação / Software
2025-02-06,32.099998474121094,32.720001220703125,31.8799991607666,32.65999984741211,31.821504592895508,3871800,0.0,0.0,False,totvs,TOTVS S.A.,TOTS3,Tecnologia da Informação / Software
2025-02-07,32.54999923706055,33.970001220703125,32.54999923706055,33.540000915527344,32.67891311645508,4072200,0.0,0.0,False,totvs,TOTVS S.A.,TOTS3,Tecnologia da Informação / Software
2025-02-10,33.86000061035156,34.29999923706055,33.47999954223633,33.88999938964844,33.019927978515625,4585200,0.0,0.0,False,totvs,TOTVS S.A.,TOTS3,Tecnologia da Informação / Software
2025-02-11,33.9900016784668,34.720001220703125,33.709999084472656,34.0,33.12710189819336,2740500,0.0,0.0,False,totvs,TOTVS S.A.,TOTS3,Tecnologia da Informação / Software
2025-02-12,33.349998474121094,34.0,32.61000061035156,33.04999923706055,32.20149230957031,6265100,0.0,0.0,False,totvs,TOTVS S.A.,TOTS3,Tecnologia da Informação / Software
2025-02-13,33.41999816894531,34.5,33.11000061035156,33.959999084472656,33.0881233215332,5373800,0.0,0.0,False,totvs,TOTVS S.A.,TOTS3,Tecnologia da Informação / Software
2025-02-14,34.0,34.59000015258789,33.29999923706055,34.400001525878906,33.5168342590332,5353600,0.0,0.0,False,totvs,TOTVS S.A.,TOTS3,Tecnologia da Informação / Software
2025-02-17,34.34000015258789,34.79999923706055,34.209999084472656,34.5099983215332,33.62400817871094,1689500,0.0,0.0,False,totvs,TOTVS S.A.,TOTS3,Tecnologia da Informação / Software
2025-02-18,34.529998779296875,34.619998931884766,33.849998474121094,34.29999923706055,33.41939926147461,2965500,0.0,0.0,False,totvs,TOTVS S.A.,TOTS3,Tecnologia da Informação / Software
2025-02-19,33.40999984741211,34.52000045776367,33.290000915527344,34.040000915527344,33.16607666015625,2325400,0.0,0.0,False,totvs,TOTVS S.A.,TOTS3,Tecnologia da Informação / Software
2025-02-20,33.72999954223633,35.29999923706055,33.540000915527344,35.09000015258789,34.18911361694336,2838900,0.0,0.0,False,totvs,TOTVS S.A.,TOTS3,Tecnologia da Informação / Software
2025-02-21,35.060001373291016,35.20000076293945,34.61000061035156,35.060001373291016,34.15989303588867,3310600,0.0,0.0,False,totvs,TOTVS S.A.,TOTS3,Tecnologia da Informação / Software
2025-02-24,35.0,35.16999816894531,34.13999938964844,34.33000183105469,33.448631286621094,3926400,0.0,0.0,False,totvs,TOTVS S.A.,TOTS3,Tecnologia da Informação / Software
2025-02-25,34.65999984741211,35.939998626708984,34.38999938964844,35.47999954223633,34.56910705566406,5076700,0.0,0.0,False,totvs,TOTVS S.A.,TOTS3,Tecnologia da Informação / Software
2025-02-26,35.72999954223633,36.25,35.189998626708984,35.810001373291016,34.89063262939453,3356100,0.0,0.0,False,totvs,TOTVS S.A.,TOTS3,Tecnologia da Informação / Software
2025-02-27,35.84000015258789,36.61000061035156,35.72999954223633,35.810001373291016,34.89063262939453,4905800,0.0,0.0,False,totvs,TOTVS S.A.,TOTS3,Tecnologia da Informação / Software
2025-02-28,34.84000015258789,35.7599983215332,34.060001373291016,34.959999084472656,34.06245422363281,8288500,0.0,0.0,False,totvs,TOTVS S.A.,TOTS3,Tecnologia da Informação / Software
2025-03-05,34.5,34.880001068115234,33.65999984741211,34.70000076293945,33.80913162231445,4735600,0.0,0.0,False,totvs,TOTVS S.A.,TOTS3,Tecnologia da Informação / Software
2025-03-06,35.189998626708984,35.380001068115234,34.63999938964844,34.790000915527344,33.89681625366211,3452700,0.0,0.0,False,totvs,TOTVS S.A.,TOTS3,Tecnologia da Informação / Software
2025-03-07,34.189998626708984,34.4900016784668,33.599998474121094,34.119998931884766,33.244022369384766,5957100,0.0,0.0,False,totvs,TOTVS S.A.,TOTS3,Tecnologia da Informação / Software
2025-03-10,34.130001068115234,34.77000045776367,33.81999969482422,34.2400016784668,33.360939025878906,5519500,0.0,0.0,False,totvs,TOTVS S.A.,TOTS3,Tecnologia da Informação / Software
2025-03-11,34.11000061035156,34.130001068115234,33.310001373291016,33.5,32.63993835449219,9750500,0.0,0.0,False,totvs,TOTVS S.A.,TOTS3,Tecnologia da Informação / Software
2025-03-12,33.630001068115234,33.630001068115234,33.060001373291016,33.20000076293945,32.34764099121094,5021200,0.0,0.0,False,totvs,TOTVS S.A.,TOTS3,Tecnologia da Informação / Software
2025-03-13,33.209999084472656,33.34000015258789,32.5,33.20000076293945,32.34764099121094,3149100,0.0,0.0,False,totvs,TOTVS S.A.,TOTS3,Tecnologia da Informação / Software
2025-03-14,33.5,33.7599983215332,33.04999923706055,33.470001220703125,32.61071014404297,6791700,0.0,0.0,False,totvs,TOTVS S.A.,TOTS3,Tecnologia da Informação / Software
2025-03-17,33.7599983215332,33.84000015258789,32.68000030517578,33.70000076293945,32.834808349609375,2679500,0.0,0.0,False,totvs,TOTVS S.A.,TOTS3,Tecnologia da Informação / Software
2025-03-18,33.56999969482422,34.970001220703125,33.439998626708984,34.66999816894531,33.779903411865234,5600100,0.0,0.0,False,totvs,TOTVS S.A.,TOTS3,Tecnologia da Informação / Software
2025-03-19,35.0,35.68000030517578,34.5099983215332,34.9900016784668,34.0916862487793,3059300,0.0,0.0,False,totvs,TOTVS S.A.,TOTS3,Tecnologia da Informação / Software
2025-03-20,34.869998931884766,35.06999969482422,34.380001068115234,34.70000076293945,33.80913162231445,2715800,0.0,0.0,False,totvs,TOTVS S.A.,TOTS3,Tecnologia da Informação / Software
2025-03-21,34.81999969482422,34.81999969482422,34.33000183105469,34.400001525878906,33.5168342590332,3603900,0.0,0.0,False,totvs,TOTVS S.A.,TOTS3,Tecnologia da Informação / Software
2025-03-24,33.91999816894531,34.15999984741211,33.310001373291016,33.58000183105469,32.71788787841797,3311400,0.0,0.0,False,totvs,TOTVS S.A.,TOTS3,Tecnologia da Informação / Software
2025-03-25,33.66999816894531,34.029998779296875,33.20000076293945,33.7400016784668,33.011409759521484,2215000,0.14,0.0,False,totvs,TOTVS S.A.,TOTS3,Tecnologia da Informação / Software
2025-03-26,33.900001525878906,33.900001525878906,32.84000015258789,33.11000061035156,32.39501953125,3550500,0.0,0.0,False,totvs,TOTVS S.A.,TOTS3,Tecnologia da Informação / Software
2025-03-27,33.400001525878906,33.40999984741211,32.88999938964844,33.119998931884766,32.40479278564453,2170400,0.0,0.0,False,totvs,TOTVS S.A.,TOTS3,Tecnologia da Informação / Software
2025-03-28,32.93000030517578,33.66999816894531,32.59000015258789,33.400001525878906,32.678749084472656,2052500,0.0,0.0,False,totvs,TOTVS S.A.,TOTS3,Tecnologia da Informação / Software
2025-03-31,33.290000915527344,33.77000045776367,33.06999969482422,33.369998931884766,32.64939498901367,1926400,0.0,0.0,False,totvs,TOTVS S.A.,TOTS3,Tecnologia da Informação / Software
2025-04-01,33.5099983215332,34.130001068115234,33.16999816894531,33.869998931884766,33.13859558105469,2219500,0.0,0.0,False,totvs,TOTVS S.A.,TOTS3,Tecnologia da Informação / Software
2025-04-02,33.9900016784668,34.41999816894531,33.66999816894531,33.7400016784668,33.011409759521484,2969200,0.0,0.0,False,totvs,TOTVS S.A.,TOTS3,Tecnologia da Informação / Software
2025-04-03,33.630001068115234,34.95000076293945,33.38999938964844,34.5,33.75499725341797,2379500,0.0,0.0,False,totvs,TOTVS S.A.,TOTS3,Tecnologia da Informação / Software
2025-04-04,33.88999938964844,34.560001373291016,33.43000030517578,34.150001525878906,33.41255187988281,3061700,0.0,0.0,False,totvs,TOTVS S.A.,TOTS3,Tecnologia da Informação / Software
2025-04-07,34.0099983215332,34.279998779296875,33.0099983215332,33.47999954223633,32.75701904296875,3507500,0.0,0.0,False,totvs,TOTVS S.A.,TOTS3,Tecnologia da Informação / Software
2025-04-08,33.29999923706055,34.13999938964844,33.290000915527344,33.810001373291016,33.07989501953125,3826000,0.0,0.0,False,totvs,TOTVS S.A.,TOTS3,Tecnologia da Informação / Software
2025-04-09,33.77000045776367,34.61000061035156,33.529998779296875,34.2400016784668,33.5006103515625,3984500,0.0,0.0,False,totvs,TOTVS S.A.,TOTS3,Tecnologia da Informação / Software
2025-04-10,33.900001525878906,34.369998931884766,33.54999923706055,33.86000061035156,33.12881851196289,2221500,0.0,0.0,False,totvs,TOTVS S.A.,TOTS3,Tecnologia da Informação / Software
2025-04-11,34.20000076293945,34.880001068115234,33.5,34.70000076293945,33.950679779052734,2769800,0.0,0.0,False,totvs,TOTVS S.A.,TOTS3,Tecnologia da Informação / Software
2025-04-14,34.9900016784668,35.959999084472656,34.72999954223633,35.790000915527344,35.01714324951172,3693700,0.0,0.0,False,totvs,TOTVS S.A.,TOTS3,Tecnologia da Informação / Software
2025-04-15,35.79999923706055,36.540000915527344,35.56999969482422,36.16999816894531,35.38893127441406,3530400,0.0,0.0,False,totvs,TOTVS S.A.,TOTS3,Tecnologia da Informação / Software
2025-04-16,35.7599983215332,36.189998626708984,35.61000061035156,35.9900016784668,35.21282196044922,5189600,0.0,0.0,False,totvs,TOTVS S.A.,TOTS3,Tecnologia da Informação / Software
2025-04-17,35.9900016784668,36.88999938964844,35.95000076293945,36.63999938964844,35.848785400390625,3375400,0.0,0.0,False,totvs,TOTVS S.A.,TOTS3,Tecnologia da Informação / Software
2025-04-22,36.189998626708984,37.369998931884766,36.189998626708984,36.959999084472656,36.16187286376953,2968100,0.0,0.0,False,totvs,TOTVS S.A.,TOTS3,Tecnologia da Informação / Software
2025-04-23,37.279998779296875,37.529998779296875,36.790000915527344,36.970001220703125,36.17165756225586,3625800,0.0,0.0,False,totvs,TOTVS S.A.,TOTS3,Tecnologia da Informação / Software
2025-04-24,37.13999938964844,37.18000030517578,36.68000030517578,36.970001220703125,36.17165756225586,4418900,0.0,0.0,False,totvs,TOTVS S.A.,TOTS3,Tecnologia da Informação / Software
2025-04-25,37.029998779296875,37.560001373291016,36.810001373291016,37.52000045776367,36.70977783203125,2271800,0.0,0.0,False,totvs,TOTVS S.A.,TOTS3,Tecnologia da Informação / Software
2025-04-28,37.7599983215332,37.79999923706055,36.959999084472656,37.189998626708984,36.386905670166016,3956000,0.0,0.0,False,totvs,TOTVS S.A.,TOTS3,Tecnologia da Informação / Software
2025-04-29,37.20000076293945,37.59000015258789,37.13999938964844,37.22999954223633,36.42604446411133,2588400,0.0,0.0,False,totvs,TOTVS S.A.,TOTS3,Tecnologia da Informação / Software
2025-04-30,37.18000030517578,37.81999969482422,37.040000915527344,37.619998931884766,36.807621002197266,5453100,0.0,0.0,False,totvs,TOTVS S.A.,TOTS3,Tecnologia da Informação / Software
2025-05-02,37.20000076293945,37.5,36.599998474121094,37.38999938964844,36.58259201049805,3537800,0.0,0.0,False,totvs,TOTVS S.A.,TOTS3,Tecnologia da Informação / Software
2025-05-05,37.38999938964844,37.560001373291016,36.869998931884766,37.380001068115234,36.57280731201172,3274900,0.0,0.0,False,totvs,TOTVS S.A.,TOTS3,Tecnologia da Informação / Software
2025-05-06,36.599998474121094,36.91999816894531,35.81999969482422,36.63999938964844,35.848785400390625,5537600,0.0,0.0,False,totvs,TOTVS S.A.,TOTS3,Tecnologia da Informação / Software
2025-05-07,36.650001525878906,37.2400016784668,36.59000015258789,37.16999816894531,36.36733627319336,2482500,0.0,0.0,False,totvs,TOTVS S.A.,TOTS3,Tecnologia da Informação / Software
2025-05-08,37.29999923706055,38.209999084472656,37.099998474121094,38.02000045776367,37.1989860534668,5651600,0.0,0.0,False,totvs,TOTVS S.A.,TOTS3,Tecnologia da Informação / Software
2025-05-09,38.15999984741211,38.97999954223633,37.4900016784668,38.33000183105469,37.50229263305664,7236400,0.0,0.0,False,totvs,TOTVS S.A.,TOTS3,Tecnologia da Informação / Software
2025-05-12,38.5,39.380001068115234,37.75,39.0,38.1578254699707,6426000,0.0,0.0,False,totvs,TOTVS S.A.,TOTS3,Tecnologia da Informação / Software
2025-05-13,39.02000045776367,40.5099983215332,38.83000183105469,40.45000076293945,39.576507568359375,5040600,0.0,0.0,False,totvs,TOTVS S.A.,TOTS3,Tecnologia da Informação / Software
2025-05-14,40.400001525878906,41.040000915527344,40.189998626708984,40.63999938964844,39.76240539550781,4544900,0.0,0.0,False,totvs,TOTVS S.A.,TOTS3,Tecnologia da Informação / Software
2025-05-15,40.650001525878906,40.790000915527344,40.09000015258789,40.66999816894531,39.7917594909668,2488200,0.0,0.0,False,totvs,TOTVS S.A.,TOTS3,Tecnologia da Informação / Software
2025-05-16,40.5099983215332,41.630001068115234,40.36000061035156,41.58000183105469,40.68211364746094,3172400,0.0,0.0,False,totvs,TOTVS S.A.,TOTS3,Tecnologia da Informação / Software
2025-05-19,41.5,42.43000030517578,41.34000015258789,42.09000015258789,41.18109130859375,3170300,0.0,0.0,False,totvs,TOTVS S.A.,TOTS3,Tecnologia da Informação / Software
2025-05-20,42.09000015258789,42.15999984741211,41.29999923706055,41.79999923706055,40.89735412597656,3091900,0.0,0.0,False,totvs,TOTVS S.A.,TOTS3,Tecnologia da Informação / Software
2025-05-21,41.75,41.849998474121094,40.720001220703125,41.779998779296875,40.87778854370117,4182900,0.0,0.0,False,totvs,TOTVS S.A.,TOTS3,Tecnologia da Informação / Software
2025-05-22,41.93000030517578,42.52000045776367,41.7400016784668,41.79999923706055,40.89735412597656,2850800,0.0,0.0,False,totvs,TOTVS S.A.,TOTS3,Tecnologia da Informação / Software
2025-05-23,41.5,42.86000061035156,41.11000061035156,42.5,41.58224105834961,3174100,0.0,0.0,False,totvs,TOTVS S.A.,TOTS3,Tecnologia da Informação / Software
2025-05-26,42.779998779296875,43.349998474121094,42.5,42.900001525878906,41.97359848022461,1717500,0.0,0.0,False,totvs,TOTVS S.A.,TOTS3,Tecnologia da Informação / Software
2025-05-27,43.25,44.130001068115234,43.060001373291016,43.599998474121094,42.658485412597656,5373600,0.0,0.0,False,totvs,TOTVS S.A.,TOTS3,Tecnologia da Informação / Software
2025-05-28,43.599998474121094,44.040000915527344,43.29999923706055,43.349998474121094,42.41388702392578,3818400,0.0,0.0,False,totvs,TOTVS S.A.,TOTS3,Tecnologia da Informação / Software
2025-05-29,43.2599983215332,43.56999969482422,42.619998931884766,42.79999923706055,41.875762939453125,4060400,0.0,0.0,False,totvs,TOTVS S.A.,TOTS3,Tecnologia da Informação / Software
2025-05-30,42.79999923706055,43.52000045776367,42.209999084472656,42.209999084472656,41.29850387573242,13612500,0.0,0.0,False,totvs,TOTVS S.A.,TOTS3,Tecnologia da Informação / Software
2025-06-02,42.209999084472656,42.56999969482422,41.65999984741211,42.02000045776367,41.11260986328125,2845000,0.0,0.0,False,totvs,TOTVS S.A.,TOTS3,Tecnologia da Informação / Software
2025-06-03,41.849998474121094,42.04999923706055,41.130001068115234,41.5099983215332,40.613616943359375,3296100,0.0,0.0,False,totvs,TOTVS S.A.,TOTS3,Tecnologia da Informação / Software
2025-06-04,41.4900016784668,42.18000030517578,41.45000076293945,41.709999084472656,40.809295654296875,2217800,0.0,0.0,False,totvs,TOTVS S.A.,TOTS3,Tecnologia da Informação / Software
2025-06-05,41.58000183105469,41.75,40.529998779296875,40.7599983215332,39.87981033325195,3224300,0.0,0.0,False,totvs,TOTVS S.A.,TOTS3,Tecnologia da Informação / Software
2025-06-06,40.939998626708984,41.04999923706055,40.400001525878906,40.97999954223633,40.095062255859375,3227100,0.0,0.0,False,totvs,TOTVS S.A.,TOTS3,Tecnologia da Informação / Software
2025-06-09,41.060001373291016,41.27000045776367,40.45000076293945,40.900001525878906,40.01679229736328,1929600,0.0,0.0,False,totvs,TOTVS S.A.,TOTS3,Tecnologia da Informação / Software
2025-06-10,41.40999984741211,41.41999816894531,40.81999969482422,40.95000076293945,40.06571578979492,2471400,0.0,0.0,False,totvs,TOTVS S.A.,TOTS3,Tecnologia da Informação / Software
2025-06-11,40.95000076293945,41.0,40.5099983215332,40.88999938964844,40.00700759887695,3385700,0.0,0.0,False,totvs,TOTVS S.A.,TOTS3,Tecnologia da Informação / Software
2025-06-12,40.7400016784668,41.56999969482422,40.400001525878906,41.310001373291016,40.41794204711914,2582300,0.0,0.0,False,totvs,TOTVS S.A.,TOTS3,Tecnologia da Informação / Software
2025-06-13,40.900001525878906,41.439998626708984,40.86000061035156,41.040000915527344,40.153770446777344,3738900,0.0,0.0,False,totvs,TOTVS S.A.,TOTS3,Tecnologia da Informação / Software
2025-06-16,41.7400016784668,41.75,40.880001068115234,41.470001220703125,40.574485778808594,1977500,0.0,0.0,False,totvs,TOTVS S.A.,TOTS3,Tecnologia da Informação / Software
2025-06-17,41.75,42.16999816894531,41.43000030517578,41.7599983215332,40.858219146728516,2813700,0.0,0.0,False,totvs,TOTVS S.A.,TOTS3,Tecnologia da Informação / Software
2025-06-18,41.709999084472656,42.630001068115234,41.650001525878906,42.40999984741211,41.49418640136719,2160800,0.0,0.0,False,totvs,TOTVS S.A.,TOTS3,Tecnologia da Informação / Software
2025-06-20,42.0,42.13999938964844,40.400001525878906,40.88999938964844,40.00700759887695,5904100,0.0,0.0,False,totvs,TOTVS S.A.,TOTS3,Tecnologia da Informação / Software
2025-06-23,41.189998626708984,41.77000045776367,40.81999969482422,41.72999954223633,40.82886505126953,2278500,0.0,0.0,False,totvs,TOTVS S.A.,TOTS3,Tecnologia da Informação / Software
2025-06-24,41.77000045776367,42.68000030517578,41.650001525878906,41.91999816894531,41.162723541259766,2686500,0.15,0.0,False,totvs,TOTVS S.A.,TOTS3,Tecnologia da Informação / Software
2025-06-25,41.619998931884766,41.9900016784668,40.810001373291016,41.34000015258789,40.59320068359375,2905100,0.0,0.0,False,totvs,TOTVS S.A.,TOTS3,Tecnologia da Informação / Software
2025-06-26,41.75,41.939998626708984,41.130001068115234,41.86000061035156,41.10381317138672,2401000,0.0,0.0,False,totvs,TOTVS S.A.,TOTS3,Tecnologia da Informação / Software
2025-06-27,41.43000030517578,41.68000030517578,40.939998626708984,41.52000045776367,40.76995086669922,2305600,0.0,0.0,False,totvs,TOTVS S.A.,TOTS3,Tecnologia da Informação / Software
2025-06-30,41.400001525878906,42.470001220703125,41.400001525878906,42.209999084472656,41.447486877441406,1838200,0.0,0.0,False,totvs,TOTVS S.A.,TOTS3,Tecnologia da Informação / Software
2025-07-01,42.209999084472656,42.779998779296875,41.900001525878906,42.47999954223633,41.712608337402344,2101300,0.0,0.0,False,totvs,TOTVS S.A.,TOTS3,Tecnologia da Informação / Software
2025-07-02,42.47999954223633,42.7400016784668,41.63999938964844,41.79999923706055,41.044891357421875,2163700,0.0,0.0,False,totvs,TOTVS S.A.,TOTS3,Tecnologia da Informação / Software
2025-07-03,41.90999984741211,43.0099983215332,41.79999923706055,42.79999923706055,42.02682876586914,1568000,0.0,0.0,False,totvs,TOTVS S.A.,TOTS3,Tecnologia da Informação / Software
2025-07-04,42.72999954223633,43.29999923706055,42.619998931884766,43.11000061035156,42.33123016357422,1079500,0.0,0.0,False,totvs,TOTVS S.A.,TOTS3,Tecnologia da Informação / Software
2025-07-07,43.11000061035156,43.220001220703125,40.959999084472656,40.959999084472656,40.220069885253906,3704200,0.0,0.0,False,totvs,TOTVS S.A.,TOTS3,Tecnologia da Informação / Software
2025-07-08,41.29999923706055,41.81999969482422,40.9900016784668,41.72999954223633,40.97615432739258,3538000,0.0,0.0,False,totvs,TOTVS S.A.,TOTS3,Tecnologia da Informação / Software
2025-07-09,42.0,42.65999984741211,41.79999923706055,42.11000061035156,41.34929656982422,2797800,0.0,0.0,False,totvs,TOTVS S.A.,TOTS3,Tecnologia da Informação / Software
2025-07-10,42.060001373291016,42.11000061035156,40.93000030517578,41.599998474121094,40.848506927490234,2409400,0.0,0.0,False,totvs,TOTVS S.A.,TOTS3,Tecnologia da Informação / Software
2025-07-11,41.720001220703125,41.77000045776367,40.9900016784668,41.09000015258789,40.34771728515625,2369800,0.0,0.0,False,totvs,TOTVS S.A.,TOTS3,Tecnologia da Informação / Software
2025-07-14,40.900001525878906,41.599998474121094,40.599998474121094,41.470001220703125,40.720855712890625,2828200,0.0,0.0,False,totvs,TOTVS S.A.,TOTS3,Tecnologia da Informação / Software
2025-07-15,41.720001220703125,42.70000076293945,41.58000183105469,42.439998626708984,41.6733283996582,4035300,0.0,0.0,False,totvs,TOTVS S.A.,TOTS3,Tecnologia da Informação / Software
2025-07-16,42.75,42.86000061035156,41.95000076293945,42.41999816894531,41.653690338134766,2716300,0.0,0.0,False,totvs,TOTVS S.A.,TOTS3,Tecnologia da Informação / Software
2025-07-17,42.439998626708984,42.619998931884766,41.459999084472656,42.2599983215332,41.496578216552734,5137600,0.0,0.0,False,totvs,TOTVS S.A.,TOTS3,Tecnologia da Informação / Software
2025-07-18,41.9900016784668,42.56999969482422,41.470001220703125,41.70000076293945,40.94670104980469,3593800,0.0,0.0,False,totvs,TOTVS S.A.,TOTS3,Tecnologia da Informação / Software
2025-07-21,41.75,42.77000045776367,41.75,42.11000061035156,41.34929656982422,2808400,0.0,0.0,False,totvs,TOTVS S.A.,TOTS3,Tecnologia da Informação / Software
2025-07-22,42.65999984741211,43.41999816894531,41.63999938964844,41.65999984741211,40.90742492675781,3646400,0.0,0.0,False,totvs,TOTVS S.A.,TOTS3,Tecnologia da Informação / Software
2025-07-23,41.65999984741211,43.47999954223633,41.599998474121094,42.869998931884766,42.09556198120117,6175300,0.0,0.0,False,totvs,TOTVS S.A.,TOTS3,Tecnologia da Informação / Software
2025-07-24,42.439998626708984,43.5,42.29999923706055,43.02000045776367,42.24285888671875,3301800,0.0,0.0,False,totvs,TOTVS S.A.,TOTS3,Tecnologia da Informação / Software
2025-07-25,43.040000915527344,43.630001068115234,43.0,43.0,42.22322082519531,2517700,0.0,0.0,False,totvs,TOTVS S.A.,TOTS3,Tecnologia da Informação / Software
2025-07-28,43.099998474121094,43.38999938964844,42.400001525878906,42.75,41.97773361206055,3099500,0.0,0.0,False,totvs,TOTVS S.A.,TOTS3,Tecnologia da Informação / Software
2025-07-29,42.72999954223633,43.380001068115234,42.68000030517578,43.04999923706055,42.27231216430664,2191500,0.0,0.0,False,totvs,TOTVS S.A.,TOTS3,Tecnologia da Informação / Software
2025-07-30,42.810001373291016,44.290000915527344,42.63999938964844,43.779998779296875,42.9891242980957,3434700,0.0,0.0,False,totvs,TOTVS S.A.,TOTS3,Tecnologia da Informação / Software
2025-07-31,43.779998779296875,43.91999816894531,43.209999084472656,43.61000061035156,42.82219696044922,2865400,0.0,0.0,False,totvs,TOTVS S.A.,TOTS3,Tecnologia da Informação / Software
2025-08-01,43.9900016784668,44.189998626708984,43.11000061035156,43.79999923706055,43.008766174316406,2407200,0.0,0.0,False,totvs,TOTVS S.A.,TOTS3,Tecnologia da Informação / Software
2025-08-04,44.11000061035156,44.4900016784668,43.58000183105469,43.7599983215332,42.969482421875,1518100,0.0,0.0,False,totvs,TOTVS S.A.,TOTS3,Tecnologia da Informação / Software
2025-08-05,43.86000061035156,44.04999923706055,43.459999084472656,43.900001525878906,43.10696029663086,1053900,0.0,0.0,False,totvs,TOTVS S.A.,TOTS3,Tecnologia da Informação / Software
2025-08-06,44.029998779296875,44.540000915527344,43.93000030517578,44.11000061035156,43.31316375732422,1748100,0.0,0.0,False,totvs,TOTVS S.A.,TOTS3,Tecnologia da Informação / Software
2025-08-07,43.88999938964844,45.310001373291016,42.779998779296875,42.849998474121094,42.075923919677734,3725800,0.0,0.0,False,totvs,TOTVS S.A.,TOTS3,Tecnologia da Informação / Software
2025-08-08,43.20000076293945,43.34000015258789,42.61000061035156,42.95000076293945,42.17411804199219,2847000,0.0,0.0,False,totvs,TOTVS S.A.,TOTS3,Tecnologia da Informação / Software
2025-08-11,43.060001373291016,43.75,42.459999084472656,42.81999969482422,42.046470642089844,2415400,0.0,0.0,False,totvs,TOTVS S.A.,TOTS3,Tecnologia da Informação / Software
2025-08-12,43.099998474121094,43.599998474121094,42.83000183105469,42.90999984741211,42.13484573364258,3186300,0.0,0.0,False,totvs,TOTVS S.A.,TOTS3,Tecnologia da Informação / Software
2025-08-13,43.0,43.02000045776367,42.099998474121094,42.34000015258789,41.575138092041016,3859900,0.0,0.0,False,totvs,TOTVS S.A.,TOTS3,Tecnologia da Informação / Software
2025-08-14,42.150001525878906,42.810001373291016,40.77000045776367,41.29999923706055,40.553924560546875,6837500,0.0,0.0,False,totvs,TOTVS S.A.,TOTS3,Tecnologia da Informação / Software
2025-08-15,41.400001525878906,42.15999984741211,41.060001373291016,42.15999984741211,41.39839172363281,2806600,0.0,0.0,False,totvs,TOTVS S.A.,TOTS3,Tecnologia da Informação / Software
2025-08-18,42.209999084472656,42.43000030517578,41.709999084472656,42.20000076293945,41.43766784667969,2056600,0.0,0.0,False,totvs,TOTVS S.A.,TOTS3,Tecnologia da Informação / Software
2025-08-19,42.0,42.040000915527344,41.33000183105469,41.4900016784668,40.74049758911133,3577600,0.0,0.0,False,totvs,TOTVS S.A.,TOTS3,Tecnologia da Informação / Software
2025-08-20,41.689998626708984,41.97999954223633,41.11000061035156,41.5,40.75031661987305,3202200,0.0,0.0,False,totvs,TOTVS S.A.,TOTS3,Tecnologia da Informação / Software
2025-08-21,40.97999954223633,41.54999923706055,40.939998626708984,41.029998779296875,40.28880310058594,2740300,0.0,0.0,False,totvs,TOTVS S.A.,TOTS3,Tecnologia da Informação / Software
2025-08-22,41.2599983215332,42.56999969482422,41.08000183105469,42.29999923706055,41.53586196899414,3462000,0.0,0.0,False,totvs,TOTVS S.A.,TOTS3,Tecnologia da Informação / Software
2025-08-25,42.439998626708984,43.0,42.31999969482422,42.31999969482422,41.55550003051758,2677700,0.0,0.0,False,totvs,TOTVS S.A.,TOTS3,Tecnologia da Informação / Software
2025-08-26,42.279998779296875,42.619998931884766,40.90999984741211,41.349998474121094,40.603023529052734,8427000,0.0,0.0,False,totvs,TOTVS S.A.,TOTS3,Tecnologia da Informação / Software
2025-08-27,41.52000045776367,42.11000061035156,41.33000183105469,42.11000061035156,41.34929656982422,1452000,0.0,0.0,False,totvs,TOTVS S.A.,TOTS3,Tecnologia da Informação / Software
2025-08-28,42.619998931884766,43.0,42.20000076293945,42.33000183105469,41.5653190612793,2437300,0.0,0.0,False,totvs,TOTVS S.A.,TOTS3,Tecnologia da Informação / Software
2025-08-29,42.66999816894531,43.58000183105469,42.41999816894531,43.099998474121094,42.321407318115234,4523000,0.0,0.0,False,totvs,TOTVS S.A.,TOTS3,Tecnologia da Informação / Software
2025-09-01,43.08000183105469,43.099998474121094,42.279998779296875,42.59000015258789,41.820621490478516,1140800,0.0,0.0,False,totvs,TOTVS S.A.,TOTS3,Tecnologia da Informação / Software
2025-09-02,41.66999816894531,42.58000183105469,41.630001068115234,42.150001525878906,41.388572692871094,858500,0.0,0.0,False,totvs,TOTVS S.A.,TOTS3,Tecnologia da Informação / Software
2025-09-03,42.04999923706055,42.290000915527344,41.47999954223633,41.90999984741211,41.15290451049805,2156200,0.0,0.0,False,totvs,TOTVS S.A.,TOTS3,Tecnologia da Informação / Software
2025-09-04,42.02000045776367,42.5099983215332,41.66999816894531,42.220001220703125,41.45730972290039,1870000,0.0,0.0,False,totvs,TOTVS S.A.,TOTS3,Tecnologia da Informação / Software
2025-09-05,42.65999984741211,43.34000015258789,42.47999954223633,43.09000015258789,42.31159210205078,1869100,0.0,0.0,False,totvs,TOTVS S.A.,TOTS3,Tecnologia da Informação / Software
2025-09-08,42.81999969482422,43.4900016784668,42.81999969482422,43.02000045776367,42.24285888671875,2190500,0.0,0.0,False,totvs,TOTVS S.A.,TOTS3,Tecnologia da Informação / Software
2025-09-09,42.81999969482422,43.220001220703125,41.90999984741211,42.099998474121094,41.33946990966797,2324000,0.0,0.0,False,totvs,TOTVS S.A.,TOTS3,Tecnologia da Informação / Software
2025-09-10,42.099998474121094,43.09000015258789,42.099998474121094,42.810001373291016,42.036643981933594,2215400,0.0,0.0,False,totvs,TOTVS S.A.,TOTS3,Tecnologia da Informação / Software
2025-09-11,43.09000015258789,43.16999816894531,42.119998931884766,42.209999084472656,41.447486877441406,2236600,0.0,0.0,False,totvs,TOTVS S.A.,TOTS3,Tecnologia da Informação / Software
2025-09-12,41.599998474121094,42.88999938964844,41.599998474121094,42.88999938964844,42.115203857421875,3263800,0.0,0.0,False,totvs,TOTVS S.A.,TOTS3,Tecnologia da Informação / Software
2025-09-15,42.709999084472656,43.72999954223633,42.65999984741211,43.630001068115234,42.84183883666992,2371500,0.0,0.0,False,totvs,TOTVS S.A.,TOTS3,Tecnologia da Informação / Software
2025-09-16,43.900001525878906,45.189998626708984,43.529998779296875,44.439998626708984,43.637203216552734,4663000,0.0,0.0,False,totvs,TOTVS S.A.,TOTS3,Tecnologia da Informação / Software
2025-09-17,44.45000076293945,45.38999938964844,44.36000061035156,45.060001373291016,44.24600601196289,3594900,0.0,0.0,False,totvs,TOTVS S.A.,TOTS3,Tecnologia da Informação / Software
2025-09-18,45.150001525878906,45.380001068115234,44.779998779296875,45.29999923706055,44.481666564941406,1452900,0.0,0.0,False,totvs,TOTVS S.A.,TOTS3,Tecnologia da Informação / Software
2025-09-19,45.400001525878906,46.04999923706055,45.08000183105469,45.9900016784668,45.159202575683594,3692700,0.0,0.0,False,totvs,TOTVS S.A.,TOTS3,Tecnologia da Informação / Software
2025-09-22,45.61000061035156,46.130001068115234,45.279998779296875,45.720001220703125,44.89408493041992,2352000,0.0,0.0,False,totvs,TOTVS S.A.,TOTS3,Tecnologia da Informação / Software
2025-09-23,45.689998626708984,46.0,45.209999084472656,45.2400016784668,44.42275619506836,2227900,0.0,0.0,False,totvs,TOTVS S.A.,TOTS3,Tecnologia da Informação / Software
2025-09-24,45.0,46.209999084472656,44.79999923706055,46.02000045776367,45.338985443115234,2281200,0.15,0.0,False,totvs,TOTVS S.A.,TOTS3,Tecnologia da Informação / Software
2025-09-25,45.88999938964844,46.099998474121094,45.119998931884766,45.41999816894531,44.74786376953125,2284400,0.0,0.0,False,totvs,TOTVS S.A.,TOTS3,Tecnologia da Informação / Software
2025-09-26,45.88999938964844,45.88999938964844,44.86000061035156,44.9900016784668,44.3242301940918,1714300,0.0,0.0,False,totvs,TOTVS S.A.,TOTS3,Tecnologia da Informação / Software
2025-09-29,45.86000061035156,46.34000015258789,45.65999984741211,45.849998474121094,45.171504974365234,1753900,0.0,0.0,False,totvs,TOTVS S.A.,TOTS3,Tecnologia da Informação / Software
2025-09-30,46.459999084472656,46.58000183105469,45.52000045776367,45.93000030517578,45.25031661987305,2163100,0.0,0.0,False,totvs,TOTVS S.A.,TOTS3,Tecnologia da Informação / Software
2025-10-01,46.0099983215332,46.09000015258789,44.400001525878906,44.81999969482422,44.15674591064453,2370300,0.0,0.0,False,totvs,TOTVS S.A.,TOTS3,Tecnologia da Informação / Software
2025-10-02,44.529998779296875,44.88999938964844,43.349998474121094,43.869998931884766,43.22079849243164,1451200,0.0,0.0,False,totvs,TOTVS S.A.,TOTS3,Tecnologia da Informação / Software
2025-10-03,43.86000061035156,45.13999938964844,43.75,44.68000030517578,44.01881408691406,2794500,0.0,0.0,False,totvs,TOTVS S.A.,TOTS3,Tecnologia da Informação / Software
2025-10-06,44.970001220703125,44.970001220703125,43.88999938964844,44.130001068115234,43.47695541381836,1739300,0.0,0.0,False,totvs,TOTVS S.A.,TOTS3,Tecnologia da Informação / Software
2025-10-07,43.90999984741211,44.02000045776367,43.34000015258789,43.41999816894531,42.777462005615234,2348200,0.0,0.0,False,totvs,TOTVS S.A.,TOTS3,Tecnologia da Informação / Software
2025-10-08,43.41999816894531,43.599998474121094,42.9900016784668,43.540000915527344,42.895687103271484,2191200,0.0,0.0,False,totvs,TOTVS S.A.,TOTS3,Tecnologia da Informação / Software
2025-10-09,43.540000915527344,43.66999816894531,42.470001220703125,42.58000183105469,41.94989776611328,3336700,0.0,0.0,False,totvs,TOTVS S.A.,TOTS3,Tecnologia da Informação / Software
2025-10-10,42.720001220703125,43.04999923706055,42.540000915527344,42.91999816894531,42.28486251831055,2455800,0.0,0.0,False,totvs,TOTVS S.A.,TOTS3,Tecnologia da Informação / Software
2025-10-13,43.04999923706055,43.369998931884766,42.70000076293945,42.79999923706055,42.1666374206543,1538100,0.0,0.0,False,totvs,TOTVS S.A.,TOTS3,Tecnologia da Informação / Software
2025-10-14,42.81999969482422,42.81999969482422,42.22999954223633,42.630001068115234,41.99915313720703,2208700,0.0,0.0,False,totvs,TOTVS S.A.,TOTS3,Tecnologia da Informação / Software
2025-10-15,42.099998474121094,42.75,42.040000915527344,42.310001373291016,41.68388748168945,3665300,0.0,0.0,False,totvs,TOTVS S.A.,TOTS3,Tecnologia da Informação / Software
2025-10-16,41.880001068115234,42.130001068115234,41.56999969482422,42.04999923706055,41.427738189697266,2853900,0.0,0.0,False,totvs,TOTVS S.A.,TOTS3,Tecnologia da Informação / Software
2025-10-17,41.66999816894531,41.95000076293945,40.939998626708984,41.33000183105469,40.7183952331543,4547000,0.0,0.0,False,totvs,TOTVS S.A.,TOTS3,Tecnologia da Informação / Software
2025-10-20,41.709999084472656,41.880001068115234,41.029998779296875,41.34000015258789,40.728240966796875,5651000,0.0,0.0,False,totvs,TOTVS S.A.,TOTS3,Tecnologia da Informação / Software
2025-10-21,41.2400016784668,42.36000061035156,41.04999923706055,41.70000076293945,41.082916259765625,1828500,0.0,0.0,False,totvs,TOTVS S.A.,TOTS3,Tecnologia da Informação / Software
2025-10-22,41.93000030517578,42.33000183105469,41.41999816894531,41.5,40.88587951660156,3324100,0.0,0.0,False,totvs,TOTVS S.A.,TOTS3,Tecnologia da Informação / Software
2025-10-23,41.709999084472656,42.25,41.63999938964844,41.97999954223633,41.358768463134766,2291800,0.0,0.0,False,totvs,TOTVS S.A.,TOTS3,Tecnologia da Informação / Software
2025-10-24,42.150001525878906,42.77000045776367,42.13999938964844,42.34000015258789,41.713443756103516,1200000,0.0,0.0,False,totvs,TOTVS S.A.,TOTS3,Tecnologia da Informação / Software
2025-10-27,43.16999816894531,43.20000076293945,42.029998779296875,42.40999984741211,41.78240966796875,938100,0.0,0.0,False,totvs,TOTVS S.A.,TOTS3,Tecnologia da Informação / Software
2025-10-28,42.43000030517578,43.81999969482422,42.2599983215332,43.5,42.85628128051758,4027100,0.0,0.0,False,totvs,TOTVS S.A.,TOTS3,Tecnologia da Informação / Software
2025-10-29,43.70000076293945,43.79999923706055,42.66999816894531,43.209999084472656,42.5705680847168,2161700,0.0,0.0,False,totvs,TOTVS S.A.,TOTS3,Tecnologia da Informação / Software
2025-10-30,42.93000030517578,43.77000045776367,42.689998626708984,43.72999954223633,43.0828742980957,2250800,0.0,0.0,False,totvs,TOTVS S.A.,TOTS3,Tecnologia da Informação / Software
2025-10-31,43.95000076293945,45.02000045776367,43.7599983215332,44.369998931884766,43.713401794433594,2823600,0.0,0.0,False,totvs,TOTVS S.A.,TOTS3,Tecnologia da Informação / Software
2025-11-03,44.4900016784668,44.599998474121094,43.0,43.29999923706055,42.65924072265625,2645600,0.0,0.0,False,totvs,TOTVS S.A.,TOTS3,Tecnologia da Informação / Software
2025-11-04,43.400001525878906,43.869998931884766,43.06999969482422,43.45000076293945,42.8070182800293,1820300,0.0,0.0,False,totvs,TOTVS S.A.,TOTS3,Tecnologia da Informação / Software
2025-11-05,43.45000076293945,44.56999969482422,43.08000183105469,44.31999969482422,43.66414260864258,3076100,0.0,0.0,False,totvs,TOTVS S.A.,TOTS3,Tecnologia da Informação / Software
2025-11-06,45.0,46.099998474121094,44.02000045776367,45.650001525878906,44.974464416503906,3683800,0.0,0.0,False,totvs,TOTVS S.A.,TOTS3,Tecnologia da Informação / Software
2025-11-07,45.33000183105469,45.56999969482422,44.2400016784668,45.16999816894531,44.501564025878906,1681300,0.0,0.0,False,totvs,TOTVS S.A.,TOTS3,Tecnologia da Informação / Software
2025-11-10,45.369998931884766,46.45000076293945,45.15999984741211,46.099998474121094,45.41780090332031,2170500,0.0,0.0,False,totvs,TOTVS S.A.,TOTS3,Tecnologia da Informação / Software
2025-11-11,46.4900016784668,47.66999816894531,46.29999923706055,46.68000030517578,45.989219665527344,1976800,0.0,0.0,False,totvs,TOTVS S.A.,TOTS3,Tecnologia da Informação / Software
2025-11-12,46.779998779296875,47.619998931884766,46.650001525878906,47.5,46.797088623046875,1620700,0.0,0.0,False,totvs,TOTVS S.A.,TOTS3,Tecnologia da Informação / Software
2025-11-13,47.43000030517578,47.650001525878906,46.790000915527344,47.099998474121094,46.40300750732422,1970400,0.0,0.0,False,totvs,TOTVS S.A.,TOTS3,Tecnologia da Informação / Software
2025-11-14,46.90999984741211,48.310001373291016,46.869998931884766,48.13999938964844,47.427616119384766,1954600,0.0,0.0,False,totvs,TOTVS S.A.,TOTS3,Tecnologia da Informação / Software
2025-11-17,48.189998626708984,48.400001525878906,46.900001525878906,46.95000076293945,46.255226135253906,1706600,0.0,0.0,False,totvs,TOTVS S.A.,TOTS3,Tecnologia da Informação / Software
2025-11-18,46.369998931884766,47.290000915527344,46.119998931884766,47.06999969482422,46.37344741821289,2126800,0.0,0.0,False,totvs,TOTVS S.A.,TOTS3,Tecnologia da Informação / Software
2025-11-19,46.63999938964844,46.88999938964844,46.130001068115234,46.369998931884766,45.68380355834961,1532500,0.0,0.0,False,totvs,TOTVS S.A.,TOTS3,Tecnologia da Informação / Software
2025-11-21,46.709999084472656,46.790000915527344,43.279998779296875,43.279998779296875,42.6395378112793,5364300,0.0,0.0,False,totvs,TOTVS S.A.,TOTS3,Tecnologia da Informação / Software
2025-11-24,43.33000183105469,43.33000183105469,42.150001525878906,42.720001220703125,42.08782196044922,9106300,0.0,0.0,False,totvs,TOTVS S.A.,TOTS3,Tecnologia da Informação / Software
2025-11-25,42.7400016784668,43.650001525878906,42.7400016784668,43.29999923706055,42.65924072265625,2640500,0.0,0.0,False,totvs,TOTVS S.A.,TOTS3,Tecnologia da Informação / Software
2025-11-26,43.29999923706055,44.0099983215332,42.79999923706055,42.939998626708984,42.3045654296875,3107800,0.0,0.0,False,totvs,TOTVS S.A.,TOTS3,Tecnologia da Informação / Software
2025-11-27,42.900001525878906,43.09000015258789,41.68000030517578,42.52000045776367,41.89078140258789,2338700,0.0,0.0,False,totvs,TOTVS S.A.,TOTS3,Tecnologia da Informação / Software
2025-11-28,42.529998779296875,43.189998626708984,42.529998779296875,42.79999923706055,42.1666374206543,1835700,0.0,0.0,False,totvs,TOTVS S.A.,TOTS3,Tecnologia da Informação / Software
2025-12-01,42.91999816894531,43.41999816894531,42.130001068115234,43.31999969482422,42.67893981933594,2235400,0.0,0.0,False,totvs,TOTVS S.A.,TOTS3,Tecnologia da Informação / Software
2025-12-02,43.65999984741211,44.04999923706055,43.099998474121094,43.97999954223633,43.32917404174805,1740300,0.0,0.0,False,totvs,TOTVS S.A.,TOTS3,Tecnologia da Informação / Software
2025-12-03,44.36000061035156,44.54999923706055,43.869998931884766,44.31999969482422,43.66414260864258,2168900,0.0,0.0,False,totvs,TOTVS S.A.,TOTS3,Tecnologia da Informação / Software
2025-12-04,44.869998931884766,47.630001068115234,44.599998474121094,47.540000915527344,46.83649826049805,5610800,0.0,0.0,False,totvs,TOTVS S.A.,TOTS3,Tecnologia da Informação / Software
2025-12-05,47.13999938964844,47.900001525878906,45.619998931884766,45.90999984741211,45.230613708496094,6997200,0.0,0.0,False,totvs,TOTVS S.A.,TOTS3,Tecnologia da Informação / Software
2025-12-08,46.279998779296875,46.349998474121094,44.939998626708984,45.47999954223633,44.806976318359375,1990100,0.0,0.0,False,totvs,TOTVS S.A.,TOTS3,Tecnologia da Informação / Software
2025-12-09,45.41999816894531,45.41999816894531,44.099998474121094,45.20000076293945,44.53112030029297,3336200,0.0,0.0,False,totvs,TOTVS S.A.,TOTS3,Tecnologia da Informação / Software
2025-12-10,45.65999984741211,45.689998626708984,44.790000915527344,45.189998626708984,44.521270751953125,2110900,0.0,0.0,False,totvs,TOTVS S.A.,TOTS3,Tecnologia da Informação / Software
2025-12-11,45.15999984741211,45.86000061035156,44.650001525878906,45.459999084472656,44.78727340698242,1737700,0.0,0.0,False,totvs,TOTVS S.A.,TOTS3,Tecnologia da Informação / Software
2025-12-12,45.900001525878906,47.349998474121094,45.5099983215332,46.2400016784668,45.55573272705078,2037300,0.0,0.0,False,totvs,TOTVS S.A.,TOTS3,Tecnologia da Informação / Software
2025-12-15,46.95000076293945,47.119998931884766,46.310001373291016,46.689998626708984,45.99907302856445,1758900,0.0,0.0,False,totvs,TOTVS S.A.,TOTS3,Tecnologia da Informação / Software
2025-12-16,44.810001373291016,45.83000183105469,44.31999969482422,45.43000030517578,44.9212760925293,3543100,0.17,0.0,False,totvs,TOTVS S.A.,TOTS3,Tecnologia da Informação / Software
2025-12-17,44.400001525878906,45.47999954223633,44.349998474121094,44.91999816894531,44.41698455810547,3837100,0.0,0.0,False,totvs,TOTVS S.A.,TOTS3,Tecnologia da Informação / Software
2025-12-18,44.290000915527344,45.040000915527344,44.290000915527344,44.40999984741211,43.91270065307617,1824400,0.0,0.0,False,totvs,TOTVS S.A.,TOTS3,Tecnologia da Informação / Software
2025-12-19,44.119998931884766,44.630001068115234,43.130001068115234,43.45000076293945,42.96344757080078,4878100,0.0,0.0,False,totvs,TOTVS S.A.,TOTS3,Tecnologia da Informação / Software
2025-12-22,43.45000076293945,43.45000076293945,42.2599983215332,42.560001373291016,42.08341979980469,3347000,0.0,0.0,False,totvs,TOTVS S.A.,TOTS3,Tecnologia da Informação / Software
2025-12-23,42.689998626708984,43.150001525878906,42.33000183105469,42.77000045776367,42.29106521606445,1327800,0.0,0.0,False,totvs,TOTVS S.A.,TOTS3,Tecnologia da Informação / Software
2025-12-26,42.779998779296875,42.81999969482422,41.91999816894531,42.380001068115234,41.905433654785156,1337100,0.0,0.0,False,totvs,TOTVS S.A.,TOTS3,Tecnologia da Informação / Software
2025-12-29,42.5,42.5,41.369998931884766,41.79999923706055,41.33192443847656,2693700,0.0,0.0,False,totvs,TOTVS S.A.,TOTS3,Tecnologia da Informação / Software
2025-12-30,42.20000076293945,42.25,41.619998931884766,42.08000183105469,41.60879135131836,2626000,0.0,0.0,False,totvs,TOTVS S.A.,TOTS3,Tecnologia da Informação / Software
